real,prediccion_logistic,probabilidad_tardia_logistic,prediccion_random_forest,probabilidad_tardia_random_forest,resultado_logistic,nivel_riesgo_logistic
1,1,0.5554378711368229,1,0.5616167022091756,Tardía,Medio
0,1,0.5612941866560248,0,0.4502571315348526,Tardía,Medio
1,1,0.585459246162354,1,0.5655648633577034,Tardía,Medio
0,0,0.48645790712086523,0,0.4298212601676793,A tiempo,Medio
0,1,0.5195753651692406,0,0.4906002551801707,Tardía,Medio
0,0,0.33936972447787317,0,0.4175972182826303,A tiempo,Medio
0,0,0.4811886638265065,0,0.47423581064753195,A tiempo,Medio
1,1,0.6113855051692687,1,0.61488899812463,Tardía,Alto
0,0,0.3510927755122091,0,0.37217326937935175,A tiempo,Medio
1,0,0.38206770070077545,0,0.3425230046399273,A tiempo,Medio
1,0,0.46445479798733835,0,0.4038908315705658,A tiempo,Medio
0,0,0.34646761995598685,0,0.3447277716691304,A tiempo,Medio
0,1,0.53788490477465,1,0.5427674568438486,Tardía,Medio
1,0,0.49088601163673456,1,0.5950055679854092,A tiempo,Medio
0,1,0.5342064416095059,1,0.5546308078098632,Tardía,Medio
0,1,0.541266973955869,0,0.4787262536044009,Tardía,Medio
1,1,0.5979970921915315,1,0.5453477460025055,Tardía,Medio
0,0,0.4075378324005179,0,0.38603786109104277,A tiempo,Medio
0,1,0.5506985999060147,1,0.5661235462500344,Tardía,Medio
0,0,0.39016149312509923,0,0.3632304767593462,A tiempo,Medio
0,1,0.5238219477403375,1,0.5202656884760016,Tardía,Medio
0,0,0.45397518473902354,0,0.3204424541121929,A tiempo,Medio
1,1,0.505573565856124,1,0.595443166501421,Tardía,Medio
0,1,0.5757827013146526,1,0.6294386086086398,Tardía,Medio
0,0,0.49348647451081606,1,0.5614824880933483,A tiempo,Medio
0,1,0.510085007683577,1,0.5979633991697689,Tardía,Medio
1,1,0.5901571538647317,1,0.626201840433223,Tardía,Medio
0,0,0.4871241496927067,0,0.3711778998955139,A tiempo,Medio
0,1,0.5118939815565224,0,0.45174207358377166,Tardía,Medio
0,0,0.4489730457605894,0,0.3533383058895743,A tiempo,Medio
0,1,0.5966244079175667,1,0.5928718623594232,Tardía,Medio
0,1,0.56137658684681,0,0.4241594126854727,Tardía,Medio
1,0,0.43427181027793194,0,0.3414352269884532,A tiempo,Medio
0,0,0.4631207045134505,1,0.5103086650209332,A tiempo,Medio
0,1,0.5803743346587918,1,0.6068760746914947,Tardía,Medio
1,0,0.4081348496562327,0,0.333331323138176,A tiempo,Medio
0,1,0.6468603675980122,0,0.3820152413634163,Tardía,Alto
1,0,0.3610873777835447,0,0.39040297109045874,A tiempo,Medio
1,1,0.5068063626755629,0,0.47273005635403015,Tardía,Medio
1,1,0.5856384162309919,1,0.5741031602615364,Tardía,Medio
0,0,0.4112497223753994,0,0.4505852843929133,A tiempo,Medio
0,0,0.4909363899386999,0,0.45469634711234447,A tiempo,Medio
0,0,0.37097255147048847,0,0.2762607369440684,A tiempo,Medio
0,1,0.5728145509629698,1,0.585421030219143,Tardía,Medio
0,0,0.4679743234133796,0,0.4094102531253217,A tiempo,Medio
0,1,0.604235552575232,1,0.5363804479098859,Tardía,Alto
1,1,0.5341639878255252,0,0.34497762108893015,Tardía,Medio
0,1,0.5285343890215557,0,0.3110121434058631,Tardía,Medio
1,0,0.47149450806419746,0,0.44902976424366237,A tiempo,Medio
0,0,0.37356019266138535,0,0.3698333257888231,A tiempo,Medio
0,0,0.3439195051606718,0,0.3429460342487088,A tiempo,Medio
1,0,0.42479306524164623,0,0.43254702286172664,A tiempo,Medio
0,0,0.4304345519257884,0,0.3776811355354805,A tiempo,Medio
0,1,0.5760120226021834,0,0.45063305078807114,Tardía,Medio
0,1,0.5124579704220276,0,0.4671301346643949,Tardía,Medio
0,1,0.5429098336727816,1,0.6166258256846794,Tardía,Medio
0,0,0.49072978887402036,0,0.3860691991464334,A tiempo,Medio
0,0,0.35037036592421633,0,0.3154578363971321,A tiempo,Medio
1,1,0.5673186741779442,1,0.6184805419595643,Tardía,Medio
0,0,0.360929149712259,0,0.3542408924646587,A tiempo,Medio
1,1,0.5403848699197145,0,0.44257846314482974,Tardía,Medio
0,1,0.590164252388896,1,0.6594276392517127,Tardía,Medio
0,0,0.42024009293188674,0,0.446560147789503,A tiempo,Medio
0,0,0.4988485819404839,1,0.525046379024868,A tiempo,Medio
0,1,0.6108256357686048,1,0.5496120887166237,Tardía,Alto
0,1,0.5348355270341522,1,0.5528981895539792,Tardía,Medio
0,0,0.3520815472946296,0,0.4119069482782113,A tiempo,Medio
0,0,0.4355861244182902,0,0.32115599504655606,A tiempo,Medio
0,0,0.3984011990284974,0,0.47902144922542517,A tiempo,Medio
0,0,0.4736859417223911,0,0.49258466587667754,A tiempo,Medio
0,0,0.41662769828438284,0,0.394981996292865,A tiempo,Medio
0,0,0.4020113111704832,0,0.36524240909504696,A tiempo,Medio
1,0,0.394450964071356,0,0.3808595237097172,A tiempo,Medio
1,0,0.4735969760537137,0,0.4822666319832716,A tiempo,Medio
0,1,0.5181368552257861,1,0.5824113259827075,Tardía,Medio
0,0,0.4169003772644541,0,0.3550815966286179,A tiempo,Medio
0,1,0.501797792045547,0,0.473294715676541,Tardía,Medio
0,0,0.38676589125696603,0,0.3572641835502756,A tiempo,Medio
0,0,0.4877940054454346,0,0.35127564610749273,A tiempo,Medio
0,0,0.43160996936675045,0,0.3453608824599765,A tiempo,Medio
1,1,0.5542620067435566,1,0.604308749894822,Tardía,Medio
0,0,0.39616092258681235,0,0.37524119036174747,A tiempo,Medio
0,1,0.5965578577250237,1,0.5835895949726637,Tardía,Medio
0,0,0.4326587642782223,1,0.5547328630686578,A tiempo,Medio
0,1,0.5355809452884478,1,0.5557570366012858,Tardía,Medio
1,1,0.5343839354889023,1,0.6216857673282772,Tardía,Medio
0,0,0.45221092202886204,0,0.3969975399717422,A tiempo,Medio
1,1,0.5571007920439971,1,0.591290666447336,Tardía,Medio
0,1,0.5864929091774768,1,0.5477526024116842,Tardía,Medio
0,1,0.5227092293663314,1,0.5897204219472156,Tardía,Medio
1,0,0.4885087410505077,1,0.571437927073013,A tiempo,Medio
0,1,0.5101345347329896,0,0.4105008394178622,Tardía,Medio
1,0,0.4130082453296872,0,0.36400904613858465,A tiempo,Medio
0,0,0.4713423843228716,0,0.4755811411102854,A tiempo,Medio
0,0,0.49587422299016737,1,0.5506223797164733,A tiempo,Medio
0,1,0.658211377789005,1,0.5511679192930958,Tardía,Alto
1,0,0.4419322650022091,0,0.39903356052924016,A tiempo,Medio
0,1,0.5791228649219663,1,0.6157402210858188,Tardía,Medio
1,0,0.44046794135788714,0,0.4225948414559504,A tiempo,Medio
0,1,0.5590688667399296,1,0.5932420594541188,Tardía,Medio
1,1,0.5087507915094167,1,0.601720122298133,Tardía,Medio
1,0,0.4907329444738437,0,0.31619830958982165,A tiempo,Medio
0,1,0.5114645660473109,1,0.5691281056016829,Tardía,Medio
0,0,0.47087228908536427,0,0.3561507951188848,A tiempo,Medio
0,0,0.45270119345524584,0,0.32258975352828906,A tiempo,Medio
0,0,0.4349575101214178,0,0.3772526067565582,A tiempo,Medio
1,1,0.5061539694545903,0,0.3821966221945076,Tardía,Medio
0,1,0.599370632519623,1,0.5896759569433728,Tardía,Medio
0,1,0.5846698655184648,1,0.6065769682350578,Tardía,Medio
1,1,0.5329543808354809,1,0.596743030590673,Tardía,Medio
1,1,0.517874444146797,1,0.5924142801275183,Tardía,Medio
0,1,0.5011952244121313,1,0.5420489952171861,Tardía,Medio
0,1,0.5935034682843144,1,0.5902156394960764,Tardía,Medio
0,0,0.40149759978117905,0,0.43858826194245554,A tiempo,Medio
0,0,0.39247144015449753,0,0.36294173626306486,A tiempo,Medio
0,1,0.5696402406216975,1,0.5776582191599465,Tardía,Medio
0,0,0.37941756626790774,0,0.2647158348168022,A tiempo,Medio
1,1,0.5847223454124593,1,0.5864875598948138,Tardía,Medio
0,0,0.4683458930443799,0,0.3896394309262241,A tiempo,Medio
0,1,0.5110385400597646,0,0.40795832039862295,Tardía,Medio
0,0,0.3416246215545429,0,0.3689521960731232,A tiempo,Medio
0,0,0.34417320108968696,0,0.3853328459060708,A tiempo,Medio
0,0,0.45645228211433186,0,0.45117772740102446,A tiempo,Medio
0,1,0.6030579142791974,0,0.4558630505073796,Tardía,Alto
0,1,0.5436918251245783,1,0.5782284292546277,Tardía,Medio
1,0,0.35539575572424353,0,0.33940734920286175,A tiempo,Medio
0,0,0.3843797935735502,0,0.41350167816427286,A tiempo,Medio
0,1,0.6072219202211305,1,0.5348320191534737,Tardía,Alto
0,1,0.5183963417970452,1,0.5172899453224167,Tardía,Medio
0,1,0.6334908765043666,1,0.5766926529570762,Tardía,Alto
1,1,0.5563425708686703,1,0.5376210704869617,Tardía,Medio
1,1,0.5500443690659499,1,0.6107335316389271,Tardía,Medio
1,1,0.5489099405121705,1,0.6002899006942727,Tardía,Medio
1,1,0.5476026452174378,1,0.6366774350070274,Tardía,Medio
1,0,0.40795584177586336,0,0.3569064319510968,A tiempo,Medio
0,1,0.5750247511703888,0,0.495764573090634,Tardía,Medio
0,0,0.45173781620969206,0,0.35777744957707547,A tiempo,Medio
1,1,0.581374271532047,1,0.5958975359915276,Tardía,Medio
0,1,0.5384524857849569,1,0.5705984329021839,Tardía,Medio
0,0,0.3871143993850435,0,0.45128233824129843,A tiempo,Medio
0,0,0.44686849877277446,0,0.43129505977584076,A tiempo,Medio
1,0,0.340237778676745,0,0.39257798002713656,A tiempo,Medio
0,1,0.5966578210799461,1,0.613712813824782,Tardía,Medio
1,0,0.4134458593339491,0,0.4131985623688624,A tiempo,Medio
1,1,0.5225150203602192,0,0.4012756579230874,Tardía,Medio
0,1,0.5777530163485552,1,0.5749170584255772,Tardía,Medio
0,0,0.362827315490324,0,0.3983144204439839,A tiempo,Medio
0,0,0.4492328675928605,0,0.35681495122517654,A tiempo,Medio
0,0,0.36105542882221564,0,0.35722302446043763,A tiempo,Medio
0,0,0.4516617479232596,0,0.33770271241684413,A tiempo,Medio
0,1,0.6199146121047024,1,0.5828305458096408,Tardía,Alto
0,0,0.38081308885514975,0,0.34751257192889734,A tiempo,Medio
0,0,0.4631259958975454,0,0.43511069033448524,A tiempo,Medio
0,1,0.5569888245272674,0,0.48743818681047885,Tardía,Medio
1,1,0.5715425712431152,1,0.6036429714878405,Tardía,Medio
0,0,0.4211399880050001,0,0.40287595789245834,A tiempo,Medio
0,0,0.47285450243811755,0,0.35934880527702057,A tiempo,Medio
0,0,0.4065075958970607,0,0.4270131129866534,A tiempo,Medio
0,0,0.49479634189504706,0,0.40028396394002486,A tiempo,Medio
1,1,0.5297503079121195,0,0.44140689466005933,Tardía,Medio
1,1,0.5057672090324814,1,0.5830869424626833,Tardía,Medio
0,1,0.5047919490530692,1,0.5982951238507499,Tardía,Medio
0,0,0.39917049016559486,0,0.40935824559078005,A tiempo,Medio
0,1,0.5964542016085791,1,0.6067612809955568,Tardía,Medio
0,0,0.455094172004995,0,0.4375923547604932,A tiempo,Medio
0,0,0.3754506987130205,0,0.40634973648600764,A tiempo,Medio
0,1,0.5986735748267853,1,0.6241180042747124,Tardía,Medio
0,1,0.5800215084828996,0,0.442119391104497,Tardía,Medio
1,1,0.5185409257456363,1,0.621901334084978,Tardía,Medio
0,0,0.46263318035057893,0,0.41230800885738256,A tiempo,Medio
1,0,0.4804665033712657,0,0.454820230844613,A tiempo,Medio
1,0,0.38441125158510087,0,0.40380067598138025,A tiempo,Medio
0,1,0.5819816861884577,1,0.5606252950396371,Tardía,Medio
0,0,0.3720139947532627,0,0.2363773950251192,A tiempo,Medio
0,0,0.4448641327066442,0,0.33403171561872397,A tiempo,Medio
0,0,0.4855898379636515,0,0.4096017858344085,A tiempo,Medio
0,0,0.4515818424001666,0,0.4369545913044536,A tiempo,Medio
0,1,0.5386677367720848,1,0.6252105030991106,Tardía,Medio
0,0,0.4119799935531197,0,0.4186138632459264,A tiempo,Medio
0,1,0.5124801844457739,0,0.49844067420518895,Tardía,Medio
0,1,0.5992696470082345,1,0.5873891205971369,Tardía,Medio
1,0,0.3563617455925901,0,0.35409825017578184,A tiempo,Medio
1,0,0.4025610680399316,0,0.44576751215077903,A tiempo,Medio
1,1,0.5667554802715815,1,0.5787371698993212,Tardía,Medio
0,0,0.3675269144092936,0,0.3871649222345684,A tiempo,Medio
1,0,0.4676205604875765,0,0.46051637146320706,A tiempo,Medio
0,0,0.4443717838256143,0,0.4460616795168873,A tiempo,Medio
0,0,0.4515841631014014,0,0.4488713691786959,A tiempo,Medio
0,1,0.5318443665357961,1,0.5296876575604326,Tardía,Medio
0,1,0.5428696458357737,1,0.5778714678173997,Tardía,Medio
0,1,0.5162231802948947,1,0.5852392512811129,Tardía,Medio
1,0,0.44800249590728836,0,0.4022815558271144,A tiempo,Medio
1,1,0.5141658742914166,1,0.5940499484367919,Tardía,Medio
0,0,0.38190045784677723,0,0.3818882140828885,A tiempo,Medio
0,1,0.5193838763859924,0,0.4694770710861404,Tardía,Medio
0,0,0.4981763502440205,1,0.5330099433709028,A tiempo,Medio
0,0,0.470752008932499,0,0.4485341395527187,A tiempo,Medio
0,1,0.506969219596252,1,0.5269633101539175,Tardía,Medio
0,1,0.5806347253800092,0,0.49920931958195114,Tardía,Medio
0,0,0.48680627010027183,1,0.574569881086215,A tiempo,Medio
0,0,0.4830945962448828,0,0.3594848452241451,A tiempo,Medio
1,1,0.5483387734264897,1,0.5512839870390683,Tardía,Medio
0,0,0.4856172588284273,0,0.46581866866242594,A tiempo,Medio
1,0,0.4189902974434607,0,0.38816355221452314,A tiempo,Medio
0,1,0.5276587838611031,1,0.5597639534808035,Tardía,Medio
0,0,0.43577004268909625,0,0.3796301639925885,A tiempo,Medio
0,0,0.4238910576677992,0,0.39679316713641977,A tiempo,Medio
0,0,0.41277464967293487,1,0.5164204741940978,A tiempo,Medio
0,1,0.5676336503330661,1,0.5933947730603576,Tardía,Medio
1,0,0.4069741200810907,0,0.4185635521241908,A tiempo,Medio
0,1,0.5598257040363686,0,0.4590965756646506,Tardía,Medio
1,1,0.6194709713978203,1,0.603685451739794,Tardía,Alto
0,0,0.45793128960997975,0,0.3395346174205162,A tiempo,Medio
0,1,0.5440664583103328,1,0.5109920975682983,Tardía,Medio
0,0,0.49123475210888895,0,0.4228872436187652,A tiempo,Medio
0,1,0.5853909303213284,1,0.5784467897985214,Tardía,Medio
0,0,0.4615895920572099,0,0.46004999210794817,A tiempo,Medio
0,1,0.5094192482719755,1,0.5162636707447256,Tardía,Medio
1,1,0.5634484704995458,1,0.5227549882070603,Tardía,Medio
1,0,0.46559238957487586,0,0.38453341461731855,A tiempo,Medio
1,1,0.5492762371910024,1,0.5210150315851942,Tardía,Medio
1,1,0.5084039013573526,1,0.6206446231256428,Tardía,Medio
0,0,0.4288983173062484,0,0.4611210642906918,A tiempo,Medio
1,1,0.6028304214760141,0,0.42627106553593747,Tardía,Alto
0,1,0.5890245300159959,1,0.5896287671026962,Tardía,Medio
1,1,0.5730392382589905,1,0.6302449716019791,Tardía,Medio
1,0,0.42541640790906277,0,0.33879872107891906,A tiempo,Medio
0,0,0.44072267255504183,0,0.36333631286668533,A tiempo,Medio
0,1,0.581086746141797,1,0.6084408180964104,Tardía,Medio
0,1,0.5138111022544859,0,0.42013637987632263,Tardía,Medio
0,0,0.4653221894191664,1,0.533224751305971,A tiempo,Medio
0,0,0.405261110628826,0,0.48994634074230015,A tiempo,Medio
0,1,0.5224427363919649,0,0.2796004060695814,Tardía,Medio
0,1,0.5530099751844308,1,0.5659508764481247,Tardía,Medio
0,1,0.5583397176765752,1,0.5837205260802336,Tardía,Medio
0,0,0.45756336187182084,0,0.44202837122525407,A tiempo,Medio
0,1,0.5767889769591319,1,0.5639577006880662,Tardía,Medio
1,1,0.5823477004101661,0,0.4906098351179491,Tardía,Medio
0,1,0.5408847467895324,1,0.5553106704781933,Tardía,Medio
0,1,0.5407450796179148,0,0.49620832864862174,Tardía,Medio
0,1,0.5807996104661498,1,0.5946418355548261,Tardía,Medio
0,0,0.4328697770402622,0,0.3544350771045358,A tiempo,Medio
0,0,0.4636235645825973,0,0.40842751723448,A tiempo,Medio
0,0,0.43727676549351735,0,0.4720858627776399,A tiempo,Medio
0,1,0.5315843429999649,1,0.6213085325055077,Tardía,Medio
0,1,0.5048805557598167,0,0.4233873667116279,Tardía,Medio
0,1,0.5788193390382956,1,0.5533899661013748,Tardía,Medio
1,1,0.5165832649677284,0,0.4550063621478977,Tardía,Medio
0,0,0.4765079091737969,0,0.4561229350918585,A tiempo,Medio
1,0,0.4956013763382181,1,0.5645346745356608,A tiempo,Medio
0,1,0.5190289768362522,0,0.45936133083681036,Tardía,Medio
0,0,0.47090915896197677,0,0.4325642211830277,A tiempo,Medio
0,0,0.4723650908993044,0,0.38988473842465254,A tiempo,Medio
0,0,0.3661221465191785,0,0.3316719906275807,A tiempo,Medio
1,1,0.562502572373654,1,0.5085786743603259,Tardía,Medio
1,0,0.38027377958426734,0,0.38095142320536285,A tiempo,Medio
1,0,0.4755792090770555,0,0.43855416950440085,A tiempo,Medio
0,0,0.48472600527896564,0,0.39314624808424986,A tiempo,Medio
1,1,0.5754898981502558,1,0.5337649589988548,Tardía,Medio
0,0,0.4838777762769802,0,0.4293701089670675,A tiempo,Medio
1,1,0.6224688213137037,1,0.5562198210067191,Tardía,Alto
0,0,0.45293578016938846,0,0.40245873600327337,A tiempo,Medio
0,1,0.5788157708689183,0,0.4995274147381757,Tardía,Medio
0,0,0.43233275712129504,0,0.3423798241493705,A tiempo,Medio
0,1,0.5423173158019526,1,0.5466568367413935,Tardía,Medio
0,0,0.4163721486259871,0,0.3622230137429603,A tiempo,Medio
0,0,0.4858440032243645,0,0.3980904691042654,A tiempo,Medio
0,1,0.572648155505422,1,0.5884003502794762,Tardía,Medio
1,0,0.3419347243858617,0,0.35223675151758244,A tiempo,Medio
0,0,0.44394057601094994,0,0.28633342754326285,A tiempo,Medio
0,1,0.5766965584281698,1,0.6655898111945736,Tardía,Medio
0,1,0.5278293199004394,0,0.4833735750280128,Tardía,Medio
0,1,0.5727459702426679,1,0.6124690738772544,Tardía,Medio
1,1,0.500207498747974,1,0.5185610357694199,Tardía,Medio
1,0,0.43942130891032805,0,0.34739394866471,A tiempo,Medio
0,0,0.42670865130215097,1,0.5224628432196021,A tiempo,Medio
0,0,0.4328605302525359,0,0.2920419207400286,A tiempo,Medio
1,0,0.43623169912954735,0,0.4501199581215265,A tiempo,Medio
0,1,0.5316393232055738,1,0.5492198809802652,Tardía,Medio
0,1,0.5751895344105742,1,0.5922014071920583,Tardía,Medio
1,0,0.45551156080548205,0,0.4824041289969772,A tiempo,Medio
0,0,0.48592744744257227,0,0.4528114255190181,A tiempo,Medio
0,1,0.5945576834085144,1,0.5002746565928754,Tardía,Medio
0,0,0.4202298369202536,0,0.42937865924725654,A tiempo,Medio
1,0,0.4206078911451687,0,0.4148750121207497,A tiempo,Medio
1,1,0.5261990957884413,0,0.4129060543471779,Tardía,Medio
1,0,0.43281379096322103,0,0.38249568482866386,A tiempo,Medio
1,1,0.5596083921419821,1,0.549338816232479,Tardía,Medio
0,0,0.4497764657049197,0,0.31795750288351854,A tiempo,Medio
1,1,0.5341240170039567,1,0.5160988069788882,Tardía,Medio
0,1,0.5521094300736445,0,0.4798904161603714,Tardía,Medio
0,1,0.5728486622940462,1,0.5444874942320244,Tardía,Medio
0,1,0.5531868220948837,1,0.5189626056185163,Tardía,Medio
1,1,0.5485737370448283,1,0.6269319505573415,Tardía,Medio
0,1,0.5439060737305057,1,0.5562799822528777,Tardía,Medio
0,0,0.4229193684386687,0,0.4595166512462672,A tiempo,Medio
0,0,0.4045380885599202,0,0.3690823684380633,A tiempo,Medio
0,0,0.44977285075227535,0,0.4006416076377758,A tiempo,Medio
0,1,0.6016203678503456,0,0.4667836968154099,Tardía,Alto
0,0,0.4398374686296007,0,0.3370293133696329,A tiempo,Medio
1,1,0.5861818184647644,1,0.5698270487235702,Tardía,Medio
1,0,0.39067878959878666,0,0.3940926245125486,A tiempo,Medio
0,1,0.5091524520287973,0,0.41707706500158814,Tardía,Medio
1,1,0.5429714849081523,1,0.5455383571716385,Tardía,Medio
0,0,0.49248280409723366,0,0.44580773083571656,A tiempo,Medio
1,1,0.5942161376383317,1,0.6065275112881248,Tardía,Medio
0,0,0.4642080867537073,0,0.32132132863528823,A tiempo,Medio
0,0,0.3986470005200894,0,0.261632975054982,A tiempo,Medio
1,1,0.5714221854066812,0,0.36488855545299226,Tardía,Medio
0,1,0.5712414526643206,1,0.5862133037335306,Tardía,Medio
1,1,0.5901776110149356,1,0.5265839720581004,Tardía,Medio
1,0,0.47190979349809076,1,0.592920606817319,A tiempo,Medio
0,0,0.3393866808324856,0,0.36793703677064565,A tiempo,Medio
0,1,0.555630866515997,1,0.593737169386639,Tardía,Medio
0,0,0.49343690283399416,0,0.4431814540970951,A tiempo,Medio
0,1,0.5341953871818725,1,0.5619632080371864,Tardía,Medio
0,0,0.3643128538610352,0,0.3689289907613689,A tiempo,Medio
0,0,0.436691482332907,0,0.4030703176349494,A tiempo,Medio
0,0,0.3906763693926331,0,0.3475710445869166,A tiempo,Medio
0,0,0.4253208717500039,0,0.34401788434571157,A tiempo,Medio
1,0,0.4140602832681154,0,0.43514655965852816,A tiempo,Medio
0,1,0.6193688465383015,1,0.6093044214206976,Tardía,Alto
1,1,0.5410961019118973,1,0.6027451330508489,Tardía,Medio
0,0,0.4476203364787063,0,0.43924739083002917,A tiempo,Medio
0,0,0.34588100961792534,0,0.33353084478090295,A tiempo,Medio
0,0,0.38986239303051073,0,0.2789107953773745,A tiempo,Medio
0,0,0.4337632857297908,0,0.34215008501602884,A tiempo,Medio
1,0,0.4453987035083371,0,0.45820552208373877,A tiempo,Medio
1,1,0.5551460482971893,1,0.5817511366695242,Tardía,Medio
1,1,0.5155347368538667,1,0.5539735858783968,Tardía,Medio
0,0,0.46558667458025166,0,0.44402906573786977,A tiempo,Medio
0,1,0.593215034583827,1,0.5027461329094107,Tardía,Medio
0,0,0.4547388741960151,0,0.3658066032050498,A tiempo,Medio
1,0,0.4347628934621941,0,0.4059431768885248,A tiempo,Medio
1,1,0.5641916217953122,1,0.6146912745497584,Tardía,Medio
1,1,0.6085483799888689,1,0.5306089043489967,Tardía,Alto
0,1,0.5091464910088942,0,0.4494421192311583,Tardía,Medio
0,0,0.40853874353302716,0,0.4487509401282568,A tiempo,Medio
0,1,0.6016999870097951,1,0.5757595587242398,Tardía,Alto
0,1,0.5907960148154852,1,0.5685023876169042,Tardía,Medio
0,1,0.591850754986532,1,0.587780935028322,Tardía,Medio
0,1,0.5936207368772068,0,0.4254889525159302,Tardía,Medio
1,0,0.3591456019017589,0,0.3925322535014661,A tiempo,Medio
0,0,0.46015531214641614,0,0.39838876771680304,A tiempo,Medio
0,1,0.5107496063460787,0,0.4133614304360394,Tardía,Medio
0,1,0.5102242484339735,1,0.5014673299292223,Tardía,Medio
0,1,0.5204621832898316,1,0.596658022124539,Tardía,Medio
1,1,0.5256321903910446,1,0.5496985674558635,Tardía,Medio
1,1,0.554994451397838,1,0.6091372589175612,Tardía,Medio
1,1,0.5029621978035553,1,0.5144236498604624,Tardía,Medio
0,1,0.5629221859493522,1,0.5954785097347137,Tardía,Medio
0,0,0.4712725963594585,0,0.4197529048972604,A tiempo,Medio
0,0,0.3436749267722238,0,0.3536577071519823,A tiempo,Medio
0,1,0.581316780029001,1,0.5903627908915152,Tardía,Medio
0,0,0.4487898853316987,0,0.3773624940404791,A tiempo,Medio
0,0,0.3736826327035887,0,0.3600090972141365,A tiempo,Medio
1,1,0.5146833306712122,1,0.5693262312912997,Tardía,Medio
1,1,0.5277238359565389,1,0.5641335629731932,Tardía,Medio
0,0,0.4907519954877014,0,0.4738499795660271,A tiempo,Medio
0,1,0.5257955452969314,1,0.578662743711627,Tardía,Medio
0,1,0.5563412808900265,1,0.5772669811636206,Tardía,Medio
0,0,0.354958625341891,0,0.45391661326350297,A tiempo,Medio
1,1,0.5323667119336385,1,0.5977033889668818,Tardía,Medio
0,0,0.3936580109497258,0,0.32454295376576087,A tiempo,Medio
1,1,0.6318028612509545,1,0.6253265403107404,Tardía,Alto
0,1,0.5355629804625048,1,0.5402118972993696,Tardía,Medio
0,0,0.39773783842572036,0,0.3768526460182771,A tiempo,Medio
0,0,0.4065048811168688,0,0.4437794136107002,A tiempo,Medio
0,1,0.5089635011277472,1,0.5769832943265186,Tardía,Medio
0,0,0.3247719283847286,0,0.3036523618841856,A tiempo,Medio
1,1,0.5776316482678389,1,0.5735904255214858,Tardía,Medio
1,1,0.6261380856658371,1,0.5443934936097135,Tardía,Alto
0,0,0.3654408494513408,0,0.3154737079644341,A tiempo,Medio
1,0,0.44906982838977977,0,0.3583797184605547,A tiempo,Medio
1,0,0.45213761432062305,0,0.39312120253819094,A tiempo,Medio
0,0,0.41169090900994837,0,0.49115281558557344,A tiempo,Medio
0,0,0.4101988487053704,0,0.36966282915233384,A tiempo,Medio
0,1,0.5931830433232415,1,0.5620207858090833,Tardía,Medio
0,0,0.3775063990518493,0,0.31481762286367393,A tiempo,Medio
0,1,0.5711950415792361,1,0.6030627568306243,Tardía,Medio
0,0,0.4070107071573122,0,0.40249195961765005,A tiempo,Medio
1,1,0.512702681089889,0,0.42211819848618787,Tardía,Medio
1,1,0.5665593726621512,1,0.6176466206495627,Tardía,Medio
0,1,0.5824329699261404,1,0.5783125649608157,Tardía,Medio
0,0,0.4907994651973375,0,0.4330775394181144,A tiempo,Medio
1,1,0.5707227176160709,1,0.5798229875955959,Tardía,Medio
1,1,0.5786834839846331,1,0.6402025775827522,Tardía,Medio
0,0,0.3380483587551843,0,0.3972194942525203,A tiempo,Medio
0,1,0.61602972802771,1,0.5183521532107188,Tardía,Alto
0,0,0.4759442023604615,0,0.3064329318381094,A tiempo,Medio
1,1,0.5353942193539055,1,0.5992267172998925,Tardía,Medio
1,0,0.493368717091878,0,0.33624789332997357,A tiempo,Medio
1,1,0.6207006352673177,1,0.5418146721132636,Tardía,Alto
0,1,0.5764184460790391,1,0.5181541291230782,Tardía,Medio
1,1,0.5215016205389555,0,0.47767037615705876,Tardía,Medio
0,0,0.45591484907195723,1,0.5569724504583716,A tiempo,Medio
0,0,0.35364451527528795,0,0.4680449387610641,A tiempo,Medio
0,0,0.4838971950025743,0,0.37154144413411566,A tiempo,Medio
1,1,0.5049519149962765,1,0.5049843583053029,Tardía,Medio
1,0,0.45820839925893275,0,0.3886097038729911,A tiempo,Medio
1,1,0.5503218440509584,1,0.5515702152018097,Tardía,Medio
0,1,0.5834237881546634,1,0.581181312016077,Tardía,Medio
0,0,0.47116064415185643,0,0.44301906717365097,A tiempo,Medio
0,0,0.4830155751926905,0,0.3012642278959111,A tiempo,Medio
1,1,0.5589084927093806,1,0.6552197242644324,Tardía,Medio
0,1,0.5435145391175372,1,0.5170069550932818,Tardía,Medio
1,1,0.527918770971882,0,0.4933957366098909,Tardía,Medio
0,0,0.4953497083108972,0,0.48511877834006883,A tiempo,Medio
0,1,0.5861829616371692,1,0.5860363728676893,Tardía,Medio
1,1,0.5978394979216318,1,0.5815033889863193,Tardía,Medio
0,0,0.3794704460504433,0,0.3729477176343224,A tiempo,Medio
0,0,0.3739511781288395,0,0.38777976822164395,A tiempo,Medio
0,1,0.5119193485031077,0,0.494677528451057,Tardía,Medio
1,0,0.4371529228774883,0,0.3476479047739612,A tiempo,Medio
0,0,0.4934760506489158,1,0.511701690667139,A tiempo,Medio
0,0,0.35302320755134625,0,0.31657873760905525,A tiempo,Medio
0,1,0.5786818757079084,1,0.6079780758620035,Tardía,Medio
0,0,0.4951402660311641,0,0.3524339417289719,A tiempo,Medio
0,0,0.46956459731056455,1,0.5461708919104588,A tiempo,Medio
1,1,0.5844416729758183,1,0.5093909416863182,Tardía,Medio
0,1,0.5062182413354677,1,0.5006732552165335,Tardía,Medio
0,1,0.5254666518050845,0,0.4796347124053723,Tardía,Medio
1,0,0.37095426047966906,0,0.3259219923715692,A tiempo,Medio
0,1,0.5251929020538293,0,0.3806508543791267,Tardía,Medio
1,0,0.4421940472263091,0,0.3257671890069067,A tiempo,Medio
0,0,0.4625194456537305,0,0.4922801294414032,A tiempo,Medio
0,1,0.5078782474649272,0,0.47599019776808865,Tardía,Medio
1,0,0.49941206612893146,1,0.5197416867934311,A tiempo,Medio
0,1,0.5409980686963085,1,0.5705377478799911,Tardía,Medio
0,0,0.39582668092607276,0,0.4972670574189079,A tiempo,Medio
0,0,0.40860763090352203,0,0.3390338473597286,A tiempo,Medio
0,0,0.3832209461554228,0,0.39657261204716376,A tiempo,Medio
1,1,0.5183178687578402,1,0.5114278817156108,Tardía,Medio
1,1,0.570692332048157,1,0.6204830583522433,Tardía,Medio
0,1,0.5654339770822132,1,0.5800764655936623,Tardía,Medio
0,0,0.47793609899051165,0,0.4464066612084142,A tiempo,Medio
0,1,0.5575252622589353,1,0.5857443091787204,Tardía,Medio
0,0,0.4053850846958241,0,0.3353309351709055,A tiempo,Medio
0,1,0.5266607145683984,1,0.5570760601465486,Tardía,Medio
0,1,0.5767299774624179,0,0.4671171691229993,Tardía,Medio
0,0,0.4379878208955747,0,0.32472269326942227,A tiempo,Medio
0,1,0.5382367684748316,1,0.5983557692527798,Tardía,Medio
0,1,0.6132933737201928,1,0.579863852835064,Tardía,Alto
0,0,0.375280033158364,0,0.3249325263991876,A tiempo,Medio
1,0,0.34770816681109723,0,0.39295060495676376,A tiempo,Medio
0,1,0.560815517476158,1,0.5614529187792562,Tardía,Medio
0,0,0.33326692658935375,0,0.4056904062957633,A tiempo,Medio
0,0,0.46347209712582443,0,0.4296919792141594,A tiempo,Medio
0,0,0.4484131033998739,0,0.4046330374692239,A tiempo,Medio
1,1,0.5083517706906976,1,0.5827505263907432,Tardía,Medio
1,0,0.45746812306693774,1,0.6147915884933384,A tiempo,Medio
1,1,0.5068848712361003,0,0.4347420089184472,Tardía,Medio
1,1,0.5540929219335138,1,0.608553802706916,Tardía,Medio
0,0,0.4109520315296321,0,0.4396782536583121,A tiempo,Medio
0,0,0.46380518443615315,0,0.45186236744776365,A tiempo,Medio
0,1,0.5916699812063402,1,0.5649103184504416,Tardía,Medio
0,0,0.4212275943326819,0,0.3252219613538026,A tiempo,Medio
1,1,0.5139608860357052,0,0.46933297577935235,Tardía,Medio
0,0,0.4403910436932868,0,0.46770584547856975,A tiempo,Medio
1,1,0.5787227074645351,1,0.5973425679693026,Tardía,Medio
0,1,0.59970067783227,1,0.5750276315359901,Tardía,Medio
1,0,0.4904271282906891,0,0.49747707298022087,A tiempo,Medio
0,1,0.5053244033792159,1,0.5961141066192749,Tardía,Medio
0,1,0.5505453017559306,1,0.5701863217585338,Tardía,Medio
1,1,0.507906651480514,1,0.6050976395406934,Tardía,Medio
1,0,0.38025833720234403,0,0.35661157280590183,A tiempo,Medio
0,0,0.4253237376423372,0,0.32702879380737054,A tiempo,Medio
1,1,0.535261937880022,1,0.5713259195657551,Tardía,Medio
1,0,0.43397167626600597,1,0.5199305297200086,A tiempo,Medio
0,0,0.4986815182389026,1,0.6336577198508436,A tiempo,Medio
1,0,0.3573053633520556,0,0.34273009058576986,A tiempo,Medio
0,0,0.34072288296260994,0,0.30873839443088835,A tiempo,Medio
0,0,0.47315087381222787,0,0.3709791793974299,A tiempo,Medio
0,1,0.6037650408082802,1,0.6242049072589321,Tardía,Alto
1,1,0.6311321696289343,1,0.5755163915730236,Tardía,Alto
0,0,0.4190845937724559,0,0.42929129932852944,A tiempo,Medio
0,1,0.562082629176148,1,0.5665397718863345,Tardía,Medio
0,1,0.5556902092748814,1,0.5064547207510273,Tardía,Medio
1,0,0.4800934223840846,1,0.5302667493038505,A tiempo,Medio
1,1,0.5493942034812923,1,0.5728893358007319,Tardía,Medio
0,0,0.4781685148231274,1,0.5028227117829039,A tiempo,Medio
1,0,0.49010600767721757,1,0.5192454991168254,A tiempo,Medio
0,1,0.556986288608803,1,0.5649291335474631,Tardía,Medio
1,1,0.5081485011224806,1,0.529704526289457,Tardía,Medio
0,1,0.5116660966704527,0,0.482618082853653,Tardía,Medio
0,0,0.46048151928879044,0,0.31423554468896675,A tiempo,Medio
1,1,0.5251626754287685,1,0.5431213124582395,Tardía,Medio
0,1,0.5079378304060873,1,0.6044329503746034,Tardía,Medio
0,0,0.4164587062659106,0,0.4504972709146082,A tiempo,Medio
0,0,0.47302752512009766,0,0.2850449711853853,A tiempo,Medio
0,0,0.4100277967378766,0,0.3441188245468218,A tiempo,Medio
0,0,0.33742626476862586,0,0.31584205139674226,A tiempo,Medio
0,0,0.3691211661319918,0,0.4439695484044181,A tiempo,Medio
0,0,0.3927706505894044,0,0.4610302735254264,A tiempo,Medio
1,0,0.41350107844703954,0,0.3970014305296105,A tiempo,Medio
0,1,0.5220132102472441,1,0.5437697179838805,Tardía,Medio
0,0,0.49465082970022506,0,0.4557235133779393,A tiempo,Medio
0,1,0.57062879505546,1,0.6231687823926948,Tardía,Medio
1,1,0.5980460692564133,0,0.4838310248513402,Tardía,Medio
0,0,0.477946759358728,1,0.5282668816746948,A tiempo,Medio
0,1,0.5425005057101714,1,0.6240921443310985,Tardía,Medio
0,0,0.4131418430806715,0,0.4369342382979498,A tiempo,Medio
0,0,0.40032715285245984,0,0.3590294609294336,A tiempo,Medio
1,1,0.5961455755534878,0,0.4652852268355012,Tardía,Medio
0,1,0.5516122091489071,1,0.6078418875873239,Tardía,Medio
0,1,0.503558562786423,1,0.6001263332413228,Tardía,Medio
0,0,0.4572289931671192,0,0.32341491196694877,A tiempo,Medio
0,1,0.5015368305418334,1,0.5659045949940942,Tardía,Medio
1,0,0.43483563082481963,1,0.5687060003651327,A tiempo,Medio
1,1,0.6193385521397097,0,0.3800756272199775,Tardía,Alto
0,0,0.48440973372632185,0,0.40653105867243733,A tiempo,Medio
1,1,0.6079855591394331,1,0.5543338645567409,Tardía,Alto
0,1,0.5693324579533589,1,0.6369713377363189,Tardía,Medio
0,1,0.5182022323221334,1,0.5874974656602222,Tardía,Medio
1,0,0.42439222711764335,0,0.32505845983684184,A tiempo,Medio
0,1,0.5075754227437947,0,0.45218442113614754,Tardía,Medio
1,0,0.497096746790372,1,0.5744288219001392,A tiempo,Medio
0,0,0.46363446694655963,0,0.37850685292444075,A tiempo,Medio
0,0,0.3805267180313049,0,0.33975311808700376,A tiempo,Medio
0,0,0.4599122856428381,0,0.361716055800261,A tiempo,Medio
0,0,0.4883863139003912,1,0.5175559684254791,A tiempo,Medio
0,0,0.4763621893262029,0,0.39118239934622345,A tiempo,Medio
0,1,0.5772520194614864,1,0.6152654916870314,Tardía,Medio
0,1,0.5267986320914005,0,0.42775038567437734,Tardía,Medio
0,1,0.5274307979069185,1,0.5052527478743482,Tardía,Medio
0,0,0.48003719154675245,0,0.4486413483780279,A tiempo,Medio
0,1,0.5636118088847997,0,0.4935694710438618,Tardía,Medio
0,0,0.38443679328284214,0,0.37566835180189434,A tiempo,Medio
0,1,0.6065196710832038,1,0.528204061456987,Tardía,Alto
0,0,0.36221383119622425,0,0.42391596922975305,A tiempo,Medio
0,1,0.5216620102397108,1,0.6572716156153053,Tardía,Medio
0,0,0.47601150848877777,0,0.37364041897544725,A tiempo,Medio
0,1,0.5644615490260383,1,0.5620279054483199,Tardía,Medio
0,1,0.6084696905051664,1,0.5735634244200205,Tardía,Alto
1,0,0.4978238994015236,1,0.620830546155482,A tiempo,Medio
0,0,0.40765378292246046,0,0.3818133776836154,A tiempo,Medio
0,0,0.46505843337069414,0,0.37357608661275904,A tiempo,Medio
0,0,0.47861697238285233,1,0.5555707673913318,A tiempo,Medio
0,0,0.43436073514352375,0,0.41889608581600535,A tiempo,Medio
0,1,0.5233040263824336,1,0.585636035342687,Tardía,Medio
0,1,0.5490958985143218,1,0.5413325983079704,Tardía,Medio
0,0,0.4331626231786013,0,0.43148219676459915,A tiempo,Medio
1,1,0.5070483575122046,1,0.5718282226322714,Tardía,Medio
1,1,0.5880954693590472,1,0.5201917582283314,Tardía,Medio
0,0,0.48897856546335716,0,0.35534608922075755,A tiempo,Medio
0,1,0.5247447670997365,1,0.6021795423173265,Tardía,Medio
0,0,0.4878420448735879,0,0.4371371783907522,A tiempo,Medio
0,0,0.48821346890438094,0,0.41577941164833243,A tiempo,Medio
0,1,0.5495784035321734,1,0.5013523644488448,Tardía,Medio
0,0,0.3387878093517957,0,0.3581694448192885,A tiempo,Medio
0,1,0.6078264550442077,1,0.5980823697639296,Tardía,Alto
0,0,0.4919660440071095,0,0.44704703080622593,A tiempo,Medio
0,1,0.5637605117233329,1,0.6001667109393032,Tardía,Medio
1,1,0.5628811166950389,0,0.39351116764001565,Tardía,Medio
0,0,0.4474013636643173,0,0.4076330820898361,A tiempo,Medio
1,1,0.5006686486779218,0,0.416382488897623,Tardía,Medio
0,1,0.5955091040502501,1,0.5836733401185448,Tardía,Medio
1,1,0.5958355241084399,1,0.5993708566044443,Tardía,Medio
1,1,0.5354979434177694,1,0.513634225673875,Tardía,Medio
0,0,0.4703351112322233,0,0.48125103755859805,A tiempo,Medio
0,1,0.5510353256954309,1,0.5780508210016014,Tardía,Medio
0,0,0.47882345913359337,1,0.5002550391114027,A tiempo,Medio
0,0,0.43409619205979855,0,0.4298705655625913,A tiempo,Medio
0,1,0.5126780210190262,1,0.5162802893237388,Tardía,Medio
1,0,0.4286122554923396,0,0.2933432346010116,A tiempo,Medio
0,0,0.49368798498841293,0,0.47800556702150343,A tiempo,Medio
0,1,0.5756578028150411,1,0.6091020070362159,Tardía,Medio
0,1,0.5645612617851932,1,0.5670303142509505,Tardía,Medio
1,1,0.5789239769936934,1,0.5459602418498165,Tardía,Medio
0,0,0.43338240602366357,0,0.4741457964477022,A tiempo,Medio
1,0,0.44642959974648394,0,0.37387536319087694,A tiempo,Medio
0,1,0.5150593894958687,0,0.4268844971514988,Tardía,Medio
0,0,0.4955259274253884,1,0.5222630477691171,A tiempo,Medio
0,0,0.4722387514279659,0,0.44579832586993406,A tiempo,Medio
0,1,0.5839963359874968,1,0.5559562309623608,Tardía,Medio
0,1,0.556433990921611,0,0.4945400652721108,Tardía,Medio
0,1,0.6508239236254537,1,0.5431229817755924,Tardía,Alto
0,0,0.45185209777509866,1,0.5304445206581204,A tiempo,Medio
0,1,0.5273666371377116,1,0.5943491200099214,Tardía,Medio
0,1,0.5451979035534825,1,0.616931616523879,Tardía,Medio
1,1,0.5822810069449199,1,0.6146240064600429,Tardía,Medio
0,0,0.4992995423479769,0,0.47397320103639795,A tiempo,Medio
0,1,0.5395910951407608,0,0.4433061183646878,Tardía,Medio
0,1,0.549689389917448,1,0.5913054971685046,Tardía,Medio
0,0,0.4721154453461463,0,0.47529150841856166,A tiempo,Medio
0,0,0.4875180693070357,1,0.5373507377883588,A tiempo,Medio
0,0,0.43288752566640337,0,0.31515331485785286,A tiempo,Medio
0,1,0.5422991598927429,1,0.6039188910432256,Tardía,Medio
0,0,0.4470341583476828,0,0.3835362188376713,A tiempo,Medio
0,1,0.5434788906781767,0,0.48468531196243175,Tardía,Medio
0,0,0.42639126050561155,0,0.21511782734374146,A tiempo,Medio
0,0,0.47175277154203304,0,0.3917737357413028,A tiempo,Medio
0,0,0.37850671229761285,0,0.3374027021820013,A tiempo,Medio
1,0,0.4145308953555962,0,0.47537906804047475,A tiempo,Medio
0,0,0.45185232924521745,0,0.3288804223348672,A tiempo,Medio
0,1,0.541464034477413,1,0.5290471669590219,Tardía,Medio
1,1,0.5460359391721986,1,0.5570577706840159,Tardía,Medio
0,0,0.4762984713205815,1,0.5420225005322034,A tiempo,Medio
0,0,0.3486605095952189,0,0.3054482100078894,A tiempo,Medio
1,1,0.5984844243180412,1,0.5870554196231577,Tardía,Medio
0,0,0.4314262671492662,0,0.40245675013666676,A tiempo,Medio
1,0,0.40185550219787525,0,0.33866915478744813,A tiempo,Medio
0,0,0.40261307775197,0,0.45176315359676783,A tiempo,Medio
0,0,0.47934706164460467,0,0.39095378797312264,A tiempo,Medio
0,0,0.3676857519381778,0,0.3635653895587712,A tiempo,Medio
0,1,0.5657618568513268,1,0.5640951637309383,Tardía,Medio
0,0,0.4817097514717958,0,0.3412612902698113,A tiempo,Medio
1,0,0.45082118720352854,1,0.5808444073135097,A tiempo,Medio
0,1,0.5138181033980495,1,0.5116314091960777,Tardía,Medio
1,1,0.5613023187187418,1,0.5742295469001067,Tardía,Medio
0,0,0.4031677007863507,0,0.3510323290058601,A tiempo,Medio
1,0,0.3637698324938135,0,0.45708828743470237,A tiempo,Medio
0,0,0.388052378514566,0,0.3860817969458109,A tiempo,Medio
1,1,0.53801059814513,0,0.37923758005952235,Tardía,Medio
0,1,0.5452982568252153,1,0.5756404021962565,Tardía,Medio
0,1,0.6363347930034909,1,0.5586393876326156,Tardía,Alto
0,1,0.589128140060059,1,0.5576650081571016,Tardía,Medio
0,1,0.6060284636634407,1,0.5493665003857361,Tardía,Alto
0,1,0.6091060679091418,1,0.5368279267414809,Tardía,Alto
0,0,0.4608321391782316,0,0.34510655850348804,A tiempo,Medio
0,0,0.4139484013843942,0,0.3468059962182739,A tiempo,Medio
0,1,0.5241073237839943,0,0.41812625300769696,Tardía,Medio
0,0,0.443573166219979,0,0.3399530243391975,A tiempo,Medio
1,1,0.5633858344895118,0,0.4976292813378931,Tardía,Medio
1,0,0.427169429026151,0,0.4237416407608459,A tiempo,Medio
0,0,0.49611010121013865,0,0.3971358223582378,A tiempo,Medio
0,1,0.5657199271671263,1,0.5667052617717987,Tardía,Medio
1,1,0.5377734645612186,1,0.5663842692211859,Tardía,Medio
0,0,0.49761484735835493,1,0.5518698685517374,A tiempo,Medio
1,0,0.4349597275611451,0,0.42779242615158,A tiempo,Medio
0,0,0.3316437483060838,0,0.36602403341481815,A tiempo,Medio
0,1,0.5014915422265795,1,0.5345593392435025,Tardía,Medio
0,0,0.48320233384749445,0,0.30257106681760354,A tiempo,Medio
0,1,0.5826348359629573,1,0.6237013982535464,Tardía,Medio
1,1,0.6020296354028248,1,0.5822401754852511,Tardía,Alto
0,1,0.5189128475384726,0,0.4277403969508154,Tardía,Medio
0,0,0.4913031642603125,0,0.37937356606769634,A tiempo,Medio
1,1,0.5495699546441856,1,0.540767805434086,Tardía,Medio
0,0,0.47230581317282405,0,0.3326157655884577,A tiempo,Medio
0,0,0.4978157674672285,0,0.48388631382077685,A tiempo,Medio
0,0,0.4101097839981938,0,0.3783972750702936,A tiempo,Medio
1,0,0.48055179987691937,0,0.4385451555998385,A tiempo,Medio
0,1,0.6049994009474596,1,0.5943797015946322,Tardía,Alto
0,1,0.5478457070686411,1,0.6236000233777722,Tardía,Medio
1,1,0.5809130751469385,1,0.6145939530121569,Tardía,Medio
1,0,0.45974958364781393,0,0.4233994480918416,A tiempo,Medio
0,0,0.4142000838384913,0,0.3725838469773629,A tiempo,Medio
0,1,0.550787216120826,1,0.5098745527355408,Tardía,Medio
0,0,0.4568906234961619,0,0.36278868653935137,A tiempo,Medio
0,1,0.5545978151699447,1,0.5633616316809709,Tardía,Medio
0,0,0.3389842784265359,0,0.38455020259557204,A tiempo,Medio
1,0,0.4828444206048034,1,0.5645735802178897,A tiempo,Medio
1,1,0.5791989351020773,1,0.6076437377606378,Tardía,Medio
0,0,0.48067750684098143,1,0.5186028149401074,A tiempo,Medio
1,1,0.5383476953250895,0,0.49168689330336063,Tardía,Medio
0,1,0.5168859721461262,0,0.44749635562789586,Tardía,Medio
1,1,0.5833678869689267,1,0.5132003967048717,Tardía,Medio
0,0,0.4382897291609139,0,0.3387813196744371,A tiempo,Medio
1,1,0.5290717812360316,1,0.5492615924935125,Tardía,Medio
0,1,0.5846075831594263,1,0.5169832308946127,Tardía,Medio
0,1,0.5815135225906478,1,0.5733262476873083,Tardía,Medio
1,0,0.392573056932951,0,0.3555815752698796,A tiempo,Medio
0,1,0.5451043788341987,1,0.5561188782881994,Tardía,Medio
0,0,0.38103496421884053,0,0.40624863348362583,A tiempo,Medio
0,0,0.40612500430789084,0,0.4876660996222747,A tiempo,Medio
1,0,0.49637185536166767,0,0.4787681103925021,A tiempo,Medio
1,1,0.5480971846674939,1,0.5246430075730667,Tardía,Medio
0,0,0.4780131989568297,0,0.4234086378136264,A tiempo,Medio
0,0,0.4884158126105007,0,0.49887149420781296,A tiempo,Medio
1,1,0.6035006976232435,0,0.4601009797013884,Tardía,Alto
1,1,0.5081345996219515,1,0.5526039774619586,Tardía,Medio
0,0,0.3618011390797826,0,0.43740227599729514,A tiempo,Medio
0,0,0.373408772468287,0,0.4293405457599515,A tiempo,Medio
1,1,0.571627865109562,1,0.5627062439051855,Tardía,Medio
0,0,0.47047014418338023,0,0.3770088694571181,A tiempo,Medio
0,0,0.45992934672201935,0,0.41700721397073265,A tiempo,Medio
1,1,0.599428318503291,1,0.5876778412694051,Tardía,Medio
0,1,0.5626781510814381,1,0.6528758954322902,Tardía,Medio
1,1,0.5423198863733101,1,0.5112491786778048,Tardía,Medio
1,1,0.6000006495701204,1,0.5590357747784372,Tardía,Alto
1,0,0.3851472803944322,0,0.42014714676801135,A tiempo,Medio
0,0,0.3663562987814289,0,0.33673342940848966,A tiempo,Medio
1,0,0.48648996630352087,1,0.5603317135004104,A tiempo,Medio
1,0,0.48410469322899913,1,0.5469202304528746,A tiempo,Medio
1,1,0.5821040240655002,1,0.6010974291829915,Tardía,Medio
0,1,0.5618801153126688,1,0.5756836481117144,Tardía,Medio
0,0,0.37211403581402036,0,0.4965523254017495,A tiempo,Medio
0,1,0.5198130282027982,0,0.4747463013038392,Tardía,Medio
0,1,0.5941081345361454,1,0.6420321505288378,Tardía,Medio
0,1,0.5628130420391058,1,0.5423389620407535,Tardía,Medio
1,1,0.5068514170953196,1,0.5367754747753422,Tardía,Medio
0,0,0.467195099577839,0,0.38347482911016134,A tiempo,Medio
1,0,0.3944864519845367,0,0.41369743384959157,A tiempo,Medio
0,0,0.4242141505423738,0,0.331360021060074,A tiempo,Medio
0,0,0.3920349257464793,0,0.2517165586572897,A tiempo,Medio
0,1,0.5271729294484467,1,0.6110559006320406,Tardía,Medio
0,0,0.44477881857036417,0,0.3761757432667763,A tiempo,Medio
0,1,0.5250172160172165,1,0.5241259727935162,Tardía,Medio
1,1,0.5152659880769438,0,0.4834322222062344,Tardía,Medio
0,1,0.5048373708077917,1,0.5559519999872148,Tardía,Medio
0,0,0.36381624297143644,0,0.4303885877985569,A tiempo,Medio
0,0,0.373972329078567,0,0.39923642581973,A tiempo,Medio
1,1,0.606561704573065,1,0.6115569763847435,Tardía,Alto
0,1,0.5680894508635989,1,0.6096991971009327,Tardía,Medio
0,1,0.5527097052831927,1,0.5998931447154292,Tardía,Medio
0,1,0.506432572232754,1,0.5439694470440878,Tardía,Medio
0,1,0.5609978095137723,1,0.5349678064733981,Tardía,Medio
0,0,0.40973261368001357,0,0.31629628176367247,A tiempo,Medio
0,1,0.596984295295552,1,0.6085114013037748,Tardía,Medio
1,1,0.5180393840688736,1,0.5487957324275164,Tardía,Medio
0,0,0.40217820790536213,0,0.39157167554298006,A tiempo,Medio
0,1,0.5734629007887417,1,0.5208714948836224,Tardía,Medio
0,1,0.5300709878034205,1,0.5326202425103097,Tardía,Medio
0,1,0.5880710988571388,1,0.6139252557283764,Tardía,Medio
0,0,0.43226959771538936,0,0.4437102939308092,A tiempo,Medio
1,1,0.5424207327905621,1,0.5834556701763165,Tardía,Medio
0,0,0.3846706557257171,0,0.4733257750855019,A tiempo,Medio
0,0,0.3374502116399632,0,0.41385399639258563,A tiempo,Medio
0,1,0.5057333669740863,0,0.4943118271549516,Tardía,Medio
0,1,0.507471889582353,1,0.5950592169732464,Tardía,Medio
0,0,0.4024053340212641,0,0.30485933600386833,A tiempo,Medio
0,1,0.5227754830631992,1,0.5636984679983944,Tardía,Medio
0,0,0.42655704717166953,0,0.3398094044077826,A tiempo,Medio
0,1,0.554811739029863,1,0.6217677740691518,Tardía,Medio
0,0,0.3275722184966748,0,0.39073402486244035,A tiempo,Medio
0,1,0.5087678617737593,1,0.5743213327915433,Tardía,Medio
0,1,0.5754578243609069,1,0.5907876655004216,Tardía,Medio
1,0,0.35886615007150446,0,0.33792900575251367,A tiempo,Medio
0,1,0.578621438791081,1,0.5277111145920962,Tardía,Medio
0,1,0.5098687190766745,0,0.3946600231221039,Tardía,Medio
0,1,0.5699570079518382,1,0.5839533167913562,Tardía,Medio
0,0,0.4371013563900871,0,0.3192945232031303,A tiempo,Medio
1,1,0.5016534025389964,0,0.4856005656899374,Tardía,Medio
0,1,0.585742499103865,1,0.6446002383836003,Tardía,Medio
1,1,0.5132535815096124,1,0.60837987363065,Tardía,Medio
0,1,0.5235396999345224,1,0.6133425749969288,Tardía,Medio
0,1,0.5355619694250079,1,0.572593859144269,Tardía,Medio
0,0,0.37252827723470827,0,0.34722204405225165,A tiempo,Medio
0,1,0.5929688408095465,1,0.5595448243051002,Tardía,Medio
0,0,0.42315114696520956,0,0.3966116152755821,A tiempo,Medio
0,1,0.5464734132617668,1,0.5496991572725509,Tardía,Medio
1,1,0.5216665806509418,0,0.45633662849238904,Tardía,Medio
1,0,0.49114167636946215,1,0.6379275801183604,A tiempo,Medio
0,1,0.6242304703373516,1,0.6282685907581063,Tardía,Alto
0,0,0.41617371213801696,0,0.35486198102030214,A tiempo,Medio
0,0,0.40670263866630524,0,0.4431072274998328,A tiempo,Medio
1,1,0.5562960007813258,1,0.623760705604716,Tardía,Medio
0,1,0.5275280387678495,0,0.493250974789914,Tardía,Medio
1,0,0.4273136609907197,0,0.3758301739029738,A tiempo,Medio
0,0,0.4980712970694747,0,0.3177829427609868,A tiempo,Medio
0,1,0.5064357088670136,1,0.5555984067936841,Tardía,Medio
0,1,0.5222720111048751,0,0.4759010235046757,Tardía,Medio
0,1,0.5519004292365277,1,0.5911257214797514,Tardía,Medio
1,1,0.5755911335702888,0,0.40564061953225755,Tardía,Medio
1,1,0.5682720634105021,1,0.5216877258883686,Tardía,Medio
0,0,0.4180904386639974,0,0.43629658810312477,A tiempo,Medio
0,0,0.4529183829443113,0,0.44169516859016833,A tiempo,Medio
0,1,0.511751240049266,1,0.5516963813568216,Tardía,Medio
0,0,0.40499780153014037,0,0.4481115274227881,A tiempo,Medio
1,1,0.605806394940413,1,0.5866992395804892,Tardía,Alto
1,0,0.3921248706541873,1,0.5646341235852723,A tiempo,Medio
0,1,0.6071954864697195,1,0.6048379658054002,Tardía,Alto
0,0,0.49861131159355626,0,0.4023702714617994,A tiempo,Medio
0,1,0.6194338539835662,1,0.5962191757256927,Tardía,Alto
1,0,0.4071832887817464,0,0.26928964444636644,A tiempo,Medio
1,1,0.5637365576405623,1,0.5740916307026965,Tardía,Medio
0,0,0.398893458626795,0,0.3954935810697926,A tiempo,Medio
0,0,0.432595971502127,0,0.2883708247753455,A tiempo,Medio
1,1,0.582613963030779,1,0.6113196999321553,Tardía,Medio
1,0,0.49461660991616063,1,0.6200399483817057,A tiempo,Medio
0,0,0.344670013703147,0,0.3324111580531495,A tiempo,Medio
0,1,0.543052843410614,1,0.6327441978670991,Tardía,Medio
1,0,0.454451675773208,1,0.5074029491275575,A tiempo,Medio
0,0,0.49606588956840336,1,0.5604119419357454,A tiempo,Medio
0,1,0.5138737972524364,1,0.5429154174161378,Tardía,Medio
0,0,0.401722166024432,0,0.3783214546686817,A tiempo,Medio
1,1,0.5805553874291173,1,0.6238978270653432,Tardía,Medio
0,1,0.5461125825696739,1,0.64846957390227,Tardía,Medio
1,0,0.4815337274534216,1,0.5088327191230106,A tiempo,Medio
0,1,0.5934363663942738,1,0.6096068994580292,Tardía,Medio
1,1,0.534637159983968,1,0.5150259937321905,Tardía,Medio
0,1,0.5677980621331983,0,0.4237537655127484,Tardía,Medio
1,1,0.5229914354586873,1,0.6086623360413806,Tardía,Medio
0,0,0.47571575615244294,0,0.4314939079919399,A tiempo,Medio
0,0,0.4093933084541164,0,0.34386689359477574,A tiempo,Medio
0,0,0.4882364729858589,0,0.4242981058830888,A tiempo,Medio
1,0,0.4378770461016402,0,0.3556944605408872,A tiempo,Medio
0,0,0.33092035922258345,0,0.3296717329401348,A tiempo,Medio
0,1,0.5736469803015529,1,0.5478470035058669,Tardía,Medio
0,0,0.41306198364919694,0,0.3621940885713763,A tiempo,Medio
0,1,0.5131641607676419,0,0.49356240585507655,Tardía,Medio
0,0,0.39300226633128194,0,0.39071917280689555,A tiempo,Medio
0,1,0.6371673507241615,1,0.5056522710166199,Tardía,Alto
0,1,0.517064770100121,1,0.5198904474925508,Tardía,Medio
0,0,0.4844815283913991,0,0.4115185903324516,A tiempo,Medio
1,1,0.5647547399042191,1,0.5780107369282307,Tardía,Medio
1,1,0.6215399548546977,1,0.5473358102525634,Tardía,Alto
0,1,0.5067686957910483,0,0.4542341702798367,Tardía,Medio
0,0,0.3749530147119588,0,0.29459375606142535,A tiempo,Medio
0,1,0.5664692254847576,1,0.5739566246162107,Tardía,Medio
1,0,0.3967419781931763,0,0.34165090647238555,A tiempo,Medio
1,1,0.5672965408709876,1,0.5189815600742975,Tardía,Medio
0,0,0.4553293450564381,0,0.375194615056437,A tiempo,Medio
0,0,0.41951971965877694,0,0.33606116129400193,A tiempo,Medio
1,0,0.39708509622399846,0,0.3883235671914394,A tiempo,Medio
0,1,0.5144770970059385,1,0.5411129886137451,Tardía,Medio
0,0,0.41708719452378157,0,0.4242855739809987,A tiempo,Medio
1,0,0.3394845841248433,0,0.3980139853254196,A tiempo,Medio
1,0,0.42004312707020547,0,0.41368583161571754,A tiempo,Medio
0,0,0.3936943603850018,0,0.3548741213768543,A tiempo,Medio
0,0,0.4723706154591718,0,0.41661320970153837,A tiempo,Medio
0,1,0.518666948014801,1,0.6214484789259848,Tardía,Medio
1,1,0.5579772392415364,1,0.5823161523272912,Tardía,Medio
1,1,0.5322179027519532,1,0.5779974343152395,Tardía,Medio
0,0,0.4035178152481739,0,0.31215580642832375,A tiempo,Medio
1,1,0.5829786984863533,0,0.470144228443236,Tardía,Medio
0,0,0.36384985673617193,0,0.3162332026997083,A tiempo,Medio
0,0,0.3431797843015538,0,0.3266934837357656,A tiempo,Medio
0,1,0.5909308273345855,1,0.5993505286739766,Tardía,Medio
0,0,0.4552570673132776,0,0.3464894641302575,A tiempo,Medio
0,1,0.6247391033128523,1,0.624297157879363,Tardía,Alto
0,0,0.4454785961435063,0,0.33126206249883494,A tiempo,Medio
0,0,0.36214621819832615,0,0.35704219678200616,A tiempo,Medio
0,0,0.43469724151080713,0,0.30144239163770353,A tiempo,Medio
0,0,0.48575250668037634,0,0.49954670657425576,A tiempo,Medio
1,1,0.584690445845454,0,0.41006680106734344,Tardía,Medio
0,1,0.5908600327344474,1,0.5879323987046727,Tardía,Medio
0,0,0.43665083087256173,0,0.3505839572169856,A tiempo,Medio
0,1,0.5769015437346559,0,0.44720205175937955,Tardía,Medio
1,1,0.5764850563334535,1,0.574297606886878,Tardía,Medio
0,0,0.46789522678550016,0,0.3490655721485541,A tiempo,Medio
1,1,0.546527293628011,1,0.5772072806775608,Tardía,Medio
1,0,0.489787822613179,0,0.3657259442116313,A tiempo,Medio
0,0,0.4991880201693174,1,0.5534950816758243,A tiempo,Medio
1,0,0.49442213550888214,1,0.5550055036171391,A tiempo,Medio
0,0,0.43970610567978985,0,0.4052690661893798,A tiempo,Medio
1,0,0.44209148873625687,0,0.4167284548666458,A tiempo,Medio
0,0,0.40418556360135344,0,0.4172641037655751,A tiempo,Medio
1,1,0.5781195616763276,1,0.5959735084539384,Tardía,Medio
0,1,0.5685534309788279,1,0.5788558300909359,Tardía,Medio
0,0,0.3440795714692546,0,0.4179572717006861,A tiempo,Medio
1,0,0.4278452749561897,0,0.4782557881674699,A tiempo,Medio
1,1,0.5386925848112641,1,0.5719502673099774,Tardía,Medio
1,0,0.48821442634357104,0,0.3683597526279817,A tiempo,Medio
0,0,0.45974287692159627,0,0.40245089975206566,A tiempo,Medio
0,1,0.5496283665344249,1,0.596191994995467,Tardía,Medio
0,0,0.37200437069923004,0,0.3439076196144729,A tiempo,Medio
0,0,0.42751666702309404,0,0.4606187440224764,A tiempo,Medio
0,1,0.5388226431974278,1,0.5483040787056974,Tardía,Medio
0,1,0.5621052919836348,1,0.5299849070373674,Tardía,Medio
0,1,0.5257766174597173,1,0.6034191977224623,Tardía,Medio
1,1,0.5820918440341847,1,0.5627174679346725,Tardía,Medio
0,1,0.5870466626545842,0,0.4407619794528342,Tardía,Medio
0,1,0.6123042654919943,1,0.5816745137390271,Tardía,Alto
1,1,0.61890084300735,1,0.5996321360410513,Tardía,Alto
0,0,0.40182548447737826,0,0.38476354981754846,A tiempo,Medio
0,1,0.565130483825248,1,0.6069991781429629,Tardía,Medio
0,0,0.43414239294112006,0,0.3826569197661022,A tiempo,Medio
0,0,0.44985645023776466,0,0.3467723067827043,A tiempo,Medio
0,0,0.4763181992433138,0,0.3887086415434108,A tiempo,Medio
0,0,0.4216482798997201,0,0.40358783749963323,A tiempo,Medio
1,1,0.5463736724871964,1,0.5925828518882056,Tardía,Medio
0,0,0.38458785999906564,0,0.2790795847739091,A tiempo,Medio
0,0,0.48821994495059334,1,0.5693503469894036,A tiempo,Medio
0,0,0.399767644681195,1,0.5049560055934252,A tiempo,Medio
1,1,0.6224804142816638,1,0.5755177782623646,Tardía,Alto
0,1,0.5226437263608478,1,0.5315646515231601,Tardía,Medio
1,1,0.5149451527419252,0,0.42556462722694016,Tardía,Medio
0,1,0.5164481263266032,1,0.5858606724667069,Tardía,Medio
0,0,0.4306557393479468,0,0.41982470114958964,A tiempo,Medio
0,1,0.5910494484502027,1,0.6134203107283669,Tardía,Medio
0,0,0.3951937284060867,0,0.38372745524336616,A tiempo,Medio
0,1,0.5393321590260203,1,0.5730330336536261,Tardía,Medio
0,0,0.4454870600242698,0,0.42067939500674073,A tiempo,Medio
0,0,0.38969599635952396,1,0.5219508190842853,A tiempo,Medio
1,1,0.516138920810966,0,0.49366640930597283,Tardía,Medio
1,1,0.5953172636717072,1,0.58411246047245,Tardía,Medio
0,1,0.5006849305251201,1,0.5547776789895756,Tardía,Medio
1,1,0.5260031061740037,0,0.4523222824397531,Tardía,Medio
0,1,0.5586360132280405,1,0.5846359305630188,Tardía,Medio
1,1,0.5514478075862037,1,0.5335370874432719,Tardía,Medio
1,0,0.3884774557043519,1,0.5003195885085321,A tiempo,Medio
0,1,0.5160520199886276,0,0.48645204041557194,Tardía,Medio
0,0,0.43189115658876487,0,0.4346813798715445,A tiempo,Medio
0,0,0.41722133455323734,1,0.5326300791289585,A tiempo,Medio
0,1,0.547646249060608,0,0.4637320607907267,Tardía,Medio
0,0,0.3950045227193659,0,0.3702494069377804,A tiempo,Medio
0,0,0.4647289639658068,0,0.3691035464848078,A tiempo,Medio
0,0,0.44256250560916754,0,0.3774345744107691,A tiempo,Medio
0,0,0.4601431813912857,0,0.39627012844955645,A tiempo,Medio
0,0,0.45385530989189216,0,0.4195360653809036,A tiempo,Medio
1,0,0.4263068449208112,0,0.39793010152736463,A tiempo,Medio
0,0,0.40565921427756474,0,0.3990826500366063,A tiempo,Medio
0,1,0.5129669283769172,1,0.5172555834990191,Tardía,Medio
0,1,0.5572637900473343,1,0.502669727730089,Tardía,Medio
0,0,0.39914897071541755,0,0.4377653934586307,A tiempo,Medio
0,0,0.47629087493360345,0,0.4070048953394585,A tiempo,Medio
0,1,0.5882886766356414,1,0.5307511717386079,Tardía,Medio
1,1,0.5880475724670231,1,0.5786230031425861,Tardía,Medio
1,1,0.5702808120866911,1,0.5549061073330902,Tardía,Medio
0,0,0.4019302915510754,0,0.45527305283286457,A tiempo,Medio
0,0,0.39821258667865145,0,0.39295866000803215,A tiempo,Medio
0,0,0.4402026926379578,0,0.42368735978393224,A tiempo,Medio
0,0,0.4284761867862307,0,0.43149455210029414,A tiempo,Medio
0,1,0.5114096337152503,0,0.49532300382660216,Tardía,Medio
0,0,0.49175935739203974,0,0.40272893982813734,A tiempo,Medio
0,1,0.5504782653021957,1,0.5717245042336949,Tardía,Medio
1,1,0.5177038975005865,1,0.542941832284833,Tardía,Medio
0,0,0.457787071940928,0,0.36465536184216063,A tiempo,Medio
0,0,0.43573308336161515,0,0.4344606995133064,A tiempo,Medio
0,1,0.627949159945776,1,0.5672886459661151,Tardía,Alto
0,0,0.49738380877705757,0,0.4188406006021129,A tiempo,Medio
0,0,0.4502725439904547,0,0.30288315166203494,A tiempo,Medio
1,0,0.4388706249280163,0,0.3926216074530525,A tiempo,Medio
0,0,0.4349303589043423,0,0.4093966810841305,A tiempo,Medio
0,0,0.48660192583058964,0,0.48514196256700615,A tiempo,Medio
0,1,0.6102669787584599,1,0.5771379165178641,Tardía,Alto
1,1,0.5751506474811244,1,0.5960436157379813,Tardía,Medio
1,1,0.5558259090744637,1,0.6114876516324518,Tardía,Medio
1,1,0.5327419728181443,1,0.600506471304189,Tardía,Medio
0,0,0.4566074979658628,0,0.4666690077823548,A tiempo,Medio
1,0,0.4264098405710018,1,0.5306130123279379,A tiempo,Medio
0,1,0.5946793103231176,0,0.3932480692610952,Tardía,Medio
1,1,0.5744139387747169,1,0.577092992052076,Tardía,Medio
0,0,0.4349224193055091,0,0.4163688623892856,A tiempo,Medio
1,0,0.4502054093496359,0,0.4415091311615356,A tiempo,Medio
0,1,0.5364410794021413,0,0.4813822622279978,Tardía,Medio
0,1,0.5036841223849375,1,0.6007200546219152,Tardía,Medio
0,1,0.5819736329833309,1,0.5457677232506208,Tardía,Medio
1,0,0.416148092154992,0,0.31234903554274923,A tiempo,Medio
0,0,0.47612400515634895,0,0.35409966190133235,A tiempo,Medio
0,0,0.3987404497601363,0,0.4307233668249406,A tiempo,Medio
1,0,0.4017490528281564,0,0.3860265954201716,A tiempo,Medio
0,0,0.43494034204911663,0,0.42458266781480075,A tiempo,Medio
0,1,0.5104728442925006,1,0.5256139907579223,Tardía,Medio
0,1,0.5239840418739594,1,0.5707116296482728,Tardía,Medio
0,1,0.5182731466160848,1,0.56955083362941,Tardía,Medio
0,1,0.5415244867898857,1,0.5402397555612102,Tardía,Medio
0,0,0.37141409675836434,0,0.3489794376468484,A tiempo,Medio
0,1,0.5624660345412769,1,0.5829311373794906,Tardía,Medio
0,0,0.38961986495779194,0,0.4076163015114072,A tiempo,Medio
1,0,0.47518010053945786,0,0.3594110136318352,A tiempo,Medio
0,1,0.5849238416384727,1,0.5276869908457121,Tardía,Medio
0,0,0.4042379967290128,0,0.36507890040446517,A tiempo,Medio
0,0,0.40206205963884956,0,0.4497847509487876,A tiempo,Medio
1,0,0.38594386405567094,0,0.41166363354371965,A tiempo,Medio
1,1,0.5826957648688819,1,0.6158447026173499,Tardía,Medio
0,1,0.6362177028509312,1,0.605054605005122,Tardía,Alto
0,1,0.5960405265001707,1,0.617822651085531,Tardía,Medio
0,1,0.6248967511726122,1,0.5977192258019928,Tardía,Alto
0,0,0.46449406994769193,0,0.4690140126219019,A tiempo,Medio
0,1,0.500655506133176,1,0.5062180736656942,Tardía,Medio
0,0,0.4522805500542807,1,0.5060256751064365,A tiempo,Medio
0,0,0.4043746863462458,0,0.4486611773411077,A tiempo,Medio
1,1,0.5793981271213143,1,0.623157848330019,Tardía,Medio
1,1,0.5720613844989816,1,0.5910405792019737,Tardía,Medio
0,1,0.5273499419903867,1,0.5498458068582249,Tardía,Medio
1,1,0.51151805326652,1,0.6664588691508315,Tardía,Medio
0,1,0.5041855618104992,1,0.5316151158318582,Tardía,Medio
0,1,0.5915085348762247,1,0.5888213273335547,Tardía,Medio
0,1,0.5700028983340171,1,0.5891710427691477,Tardía,Medio
0,1,0.5252090661935037,1,0.5193847413747403,Tardía,Medio
0,0,0.45490559301757266,0,0.32454686681665945,A tiempo,Medio
1,0,0.4559032305853481,1,0.5429090794593006,A tiempo,Medio
0,0,0.4299048511283767,0,0.39767648502933484,A tiempo,Medio
0,1,0.5210494250542071,1,0.5726938539481473,Tardía,Medio
0,1,0.5701319510951786,1,0.584201842864832,Tardía,Medio
0,0,0.49694231604668637,1,0.5530415281370428,A tiempo,Medio
1,0,0.4601017292629927,0,0.3146339080168124,A tiempo,Medio
0,1,0.5217854330848661,0,0.41161813668005515,Tardía,Medio
1,1,0.5273641244537632,1,0.5973863249796605,Tardía,Medio
1,0,0.47743947588686714,0,0.4239616391239224,A tiempo,Medio
0,0,0.414637511191611,0,0.33991555132324175,A tiempo,Medio
1,1,0.5766941299244033,1,0.5876068957665284,Tardía,Medio
1,0,0.400069583130182,0,0.30298743598611955,A tiempo,Medio
0,0,0.47891798372858635,0,0.3503113670869591,A tiempo,Medio
1,1,0.5204651475614929,1,0.5589535182798666,Tardía,Medio
0,1,0.5729502604025378,1,0.528691123054038,Tardía,Medio
0,0,0.4312191103740646,0,0.40101107431691807,A tiempo,Medio
1,0,0.3970210771167602,0,0.35028202927730107,A tiempo,Medio
0,0,0.3696976104967767,0,0.39391939499198136,A tiempo,Medio
0,0,0.3780168812109527,0,0.33475509321599456,A tiempo,Medio
1,0,0.4490547588928735,0,0.3939470951674336,A tiempo,Medio
0,1,0.5148553409845049,1,0.5053872468679598,Tardía,Medio
0,1,0.5237817707683007,1,0.547759619314328,Tardía,Medio
1,1,0.5069694161324257,0,0.4742091376255585,Tardía,Medio
0,1,0.5971272797661145,1,0.555659684021519,Tardía,Medio
0,0,0.43741859426593377,1,0.5008458235852998,A tiempo,Medio
1,0,0.3912723989057559,0,0.35978871696475584,A tiempo,Medio
0,1,0.5856347873251261,1,0.5842497976511872,Tardía,Medio
0,0,0.3092232318144305,0,0.35588291968670605,A tiempo,Medio
0,0,0.3775189212881993,0,0.44799740778053276,A tiempo,Medio
0,0,0.32922512948728266,0,0.4208775617468876,A tiempo,Medio
1,1,0.6346242065939655,0,0.44457497507592003,Tardía,Alto
1,1,0.5399694248609258,1,0.5283101808597439,Tardía,Medio
0,0,0.495123470057297,1,0.5776886521957253,A tiempo,Medio
0,1,0.5078398358140431,0,0.4951745601978406,Tardía,Medio
1,1,0.5414673011804196,1,0.5840871392988559,Tardía,Medio
0,1,0.5936735401475387,1,0.5362893197216901,Tardía,Medio
0,0,0.3982671728734506,0,0.41881694284036014,A tiempo,Medio
