retraso_real_minutos,retraso_predicho_minutos,error_minutos,error_absoluto_minutos,nivel_retraso_real
0,24.19218784667394,-24.19218784667394,24.19218784667394,Sin retraso
37,9.919644135439238,27.08035586456076,27.08035586456076,Retraso alto
0,3.1789811218256983,-3.1789811218256983,3.1789811218256983,Sin retraso
68,9.943715990027515,58.05628400997249,58.05628400997249,Retraso alto
31,21.38911964335755,9.61088035664245,9.61088035664245,Retraso alto
103,21.173664779979354,81.82633522002064,81.82633522002064,Retraso alto
0,9.248759396093847,-9.248759396093847,9.248759396093847,Sin retraso
0,7.961963747149171,-7.961963747149171,7.961963747149171,Sin retraso
50,11.79330626561871,38.20669373438129,38.20669373438129,Retraso alto
0,14.771472457532617,-14.771472457532617,14.771472457532617,Sin retraso
0,2.1962256879530497,-2.1962256879530497,2.1962256879530497,Sin retraso
0,6.248345663277762,-6.248345663277762,6.248345663277762,Sin retraso
23,8.353670761756463,14.646329238243537,14.646329238243537,Retraso medio
0,14.26085261576992,-14.26085261576992,14.26085261576992,Sin retraso
0,3.6586044619264286,-3.6586044619264286,3.6586044619264286,Sin retraso
0,11.591853558091671,-11.591853558091671,11.591853558091671,Sin retraso
72,15.401161578927045,56.598838421072955,56.598838421072955,Retraso alto
71,10.365955760027758,60.63404423997224,60.63404423997224,Retraso alto
23,10.19852959158323,12.80147040841677,12.80147040841677,Retraso medio
64,24.08194523359157,39.91805476640843,39.91805476640843,Retraso alto
56,34.68056117556576,21.319438824434243,21.319438824434243,Retraso alto
0,4.744097444161162,-4.744097444161162,4.744097444161162,Sin retraso
31,9.955911126707724,21.044088873292274,21.044088873292274,Retraso alto
50,27.789685107276327,22.210314892723673,22.210314892723673,Retraso alto
0,19.139483542741356,-19.139483542741356,19.139483542741356,Sin retraso
0,9.352733308847242,-9.352733308847242,9.352733308847242,Sin retraso
0,3.178839826879349,-3.178839826879349,3.178839826879349,Sin retraso
0,4.725262034892985,-4.725262034892985,4.725262034892985,Sin retraso
0,5.433682254815171,-5.433682254815171,5.433682254815171,Sin retraso
0,6.761911961274437,-6.761911961274437,6.761911961274437,Sin retraso
0,11.092623214614171,-11.092623214614171,11.092623214614171,Sin retraso
70,20.989789723265375,49.010210276734625,49.010210276734625,Retraso alto
61,9.355933599039798,51.6440664009602,51.6440664009602,Retraso alto
0,4.11519785842146,-4.11519785842146,4.11519785842146,Sin retraso
0,18.70667363502157,-18.70667363502157,18.70667363502157,Sin retraso
0,8.270537455087434,-8.270537455087434,8.270537455087434,Sin retraso
0,18.50284599887019,-18.50284599887019,18.50284599887019,Sin retraso
0,2.5868386702189183,-2.5868386702189183,2.5868386702189183,Sin retraso
0,27.839916289000204,-27.839916289000204,27.839916289000204,Sin retraso
39,8.327108771108934,30.672891228891068,30.672891228891068,Retraso alto
0,27.136383375116488,-27.136383375116488,27.136383375116488,Sin retraso
0,15.031469582711633,-15.031469582711633,15.031469582711633,Sin retraso
0,16.650391833102923,-16.650391833102923,16.650391833102923,Sin retraso
79,7.353806271317819,71.64619372868218,71.64619372868218,Retraso alto
0,2.1207587482930412,-2.1207587482930412,2.1207587482930412,Sin retraso
0,8.507158617346516,-8.507158617346516,8.507158617346516,Sin retraso
0,19.211731077603833,-19.211731077603833,19.211731077603833,Sin retraso
0,2.534241939698825,-2.534241939698825,2.534241939698825,Sin retraso
0,7.688751428207416,-7.688751428207416,7.688751428207416,Sin retraso
0,12.89645714671796,-12.89645714671796,12.89645714671796,Sin retraso
25,27.61600133461673,-2.6160013346167297,2.6160013346167297,Retraso medio
0,6.133702714909009,-6.133702714909009,6.133702714909009,Sin retraso
24,6.269792454309015,17.730207545690984,17.730207545690984,Retraso medio
0,15.842394335499144,-15.842394335499144,15.842394335499144,Sin retraso
0,15.521534236926584,-15.521534236926584,15.521534236926584,Sin retraso
0,3.089608641369031,-3.089608641369031,3.089608641369031,Sin retraso
0,3.956123331070395,-3.956123331070395,3.956123331070395,Sin retraso
0,1.9415632644870862,-1.9415632644870862,1.9415632644870862,Sin retraso
10,4.650107342764231,5.349892657235769,5.349892657235769,Retraso leve
40,12.658382772109729,27.34161722789027,27.34161722789027,Retraso alto
50,12.566853358935566,37.43314664106443,37.43314664106443,Retraso alto
58,6.1822068832349855,51.81779311676502,51.81779311676502,Retraso alto
0,20.875830761588592,-20.875830761588592,20.875830761588592,Sin retraso
0,12.014189344560954,-12.014189344560954,12.014189344560954,Sin retraso
60,31.588968614063578,28.411031385936422,28.411031385936422,Retraso alto
29,11.894390354166735,17.105609645833265,17.105609645833265,Retraso medio
47,2.9859067655865474,44.01409323441345,44.01409323441345,Retraso alto
0,12.677889596017515,-12.677889596017515,12.677889596017515,Sin retraso
0,12.379011960709573,-12.379011960709573,12.379011960709573,Sin retraso
38,20.588058253855923,17.411941746144077,17.411941746144077,Retraso alto
0,13.689095767598571,-13.689095767598571,13.689095767598571,Sin retraso
0,25.202613285711767,-25.202613285711767,25.202613285711767,Sin retraso
0,6.032958810729325,-6.032958810729325,6.032958810729325,Sin retraso
36,24.6246727799865,11.3753272200135,11.3753272200135,Retraso alto
0,2.618057633171893,-2.618057633171893,2.618057633171893,Sin retraso
0,11.867938122297346,-11.867938122297346,11.867938122297346,Sin retraso
0,5.500734914630804,-5.500734914630804,5.500734914630804,Sin retraso
0,4.486619556219774,-4.486619556219774,4.486619556219774,Sin retraso
0,18.62239652940485,-18.62239652940485,18.62239652940485,Sin retraso
0,14.439030322751599,-14.439030322751599,14.439030322751599,Sin retraso
0,3.1673368779389035,-3.1673368779389035,3.1673368779389035,Sin retraso
0,14.936805858765746,-14.936805858765746,14.936805858765746,Sin retraso
0,4.368136988275002,-4.368136988275002,4.368136988275002,Sin retraso
0,6.403915722820223,-6.403915722820223,6.403915722820223,Sin retraso
0,13.409850021356194,-13.409850021356194,13.409850021356194,Sin retraso
0,3.1756118758423657,-3.1756118758423657,3.1756118758423657,Sin retraso
0,5.4909651533696024,-5.4909651533696024,5.4909651533696024,Sin retraso
41,11.004466319489985,29.995533680510015,29.995533680510015,Retraso alto
60,31.342081379143092,28.657918620856908,28.657918620856908,Retraso alto
0,7.903849137074645,-7.903849137074645,7.903849137074645,Sin retraso
43,23.016676585042234,19.983323414957766,19.983323414957766,Retraso alto
71,19.732723173185068,51.267276826814935,51.267276826814935,Retraso alto
0,6.2632184363596055,-6.2632184363596055,6.2632184363596055,Sin retraso
0,10.880753870022067,-10.880753870022067,10.880753870022067,Sin retraso
0,7.323562651694477,-7.323562651694477,7.323562651694477,Sin retraso
0,11.81154888566319,-11.81154888566319,11.81154888566319,Sin retraso
0,9.879329881729427,-9.879329881729427,9.879329881729427,Sin retraso
0,14.494139678760378,-14.494139678760378,14.494139678760378,Sin retraso
0,24.49322857675427,-24.49322857675427,24.49322857675427,Sin retraso
53,4.013448879766789,48.98655112023321,48.98655112023321,Retraso alto
29,14.562013798881646,14.437986201118354,14.437986201118354,Retraso medio
0,20.014120627295043,-20.014120627295043,20.014120627295043,Sin retraso
0,4.599320119064426,-4.599320119064426,4.599320119064426,Sin retraso
0,4.160330857384599,-4.160330857384599,4.160330857384599,Sin retraso
33,11.980327798988966,21.019672201011034,21.019672201011034,Retraso alto
0,10.603835555648246,-10.603835555648246,10.603835555648246,Sin retraso
0,15.144595745084212,-15.144595745084212,15.144595745084212,Sin retraso
0,4.027108895746306,-4.027108895746306,4.027108895746306,Sin retraso
0,9.506753628300102,-9.506753628300102,9.506753628300102,Sin retraso
49,14.913451729844773,34.08654827015523,34.08654827015523,Retraso alto
0,19.36975002449124,-19.36975002449124,19.36975002449124,Sin retraso
0,19.71945842788417,-19.71945842788417,19.71945842788417,Sin retraso
0,3.513517326859594,-3.513517326859594,3.513517326859594,Sin retraso
0,13.725403214606056,-13.725403214606056,13.725403214606056,Sin retraso
0,2.9032082826581154,-2.9032082826581154,2.9032082826581154,Sin retraso
0,10.48668195222779,-10.48668195222779,10.48668195222779,Sin retraso
0,14.050935109291396,-14.050935109291396,14.050935109291396,Sin retraso
40,12.715511396497709,27.28448860350229,27.28448860350229,Retraso alto
0,4.0053069296964985,-4.0053069296964985,4.0053069296964985,Sin retraso
0,3.254497613232004,-3.254497613232004,3.254497613232004,Sin retraso
0,11.98533661061087,-11.98533661061087,11.98533661061087,Sin retraso
22,13.497283751495504,8.502716248504496,8.502716248504496,Retraso medio
0,11.768061628821313,-11.768061628821313,11.768061628821313,Sin retraso
0,10.530512268877368,-10.530512268877368,10.530512268877368,Sin retraso
40,13.226758875020316,26.773241124979684,26.773241124979684,Retraso alto
0,5.722108871155147,-5.722108871155147,5.722108871155147,Sin retraso
0,4.145702419406062,-4.145702419406062,4.145702419406062,Sin retraso
39,10.069586494548602,28.930413505451398,28.930413505451398,Retraso alto
0,11.14167349947762,-11.14167349947762,11.14167349947762,Sin retraso
0,13.24820795983547,-13.24820795983547,13.24820795983547,Sin retraso
28,13.075023943389663,14.924976056610337,14.924976056610337,Retraso medio
0,18.250134318519166,-18.250134318519166,18.250134318519166,Sin retraso
0,9.347566361939867,-9.347566361939867,9.347566361939867,Sin retraso
33,12.625761740379021,20.37423825962098,20.37423825962098,Retraso alto
52,23.327408140975265,28.672591859024735,28.672591859024735,Retraso alto
0,29.23415767638885,-29.23415767638885,29.23415767638885,Sin retraso
62,32.78481707155194,29.21518292844806,29.21518292844806,Retraso alto
0,12.316466274414461,-12.316466274414461,12.316466274414461,Sin retraso
42,12.537843944964559,29.462156055035443,29.462156055035443,Retraso alto
28,3.6211590762700556,24.378840923729946,24.378840923729946,Retraso medio
0,17.380420131942433,-17.380420131942433,17.380420131942433,Sin retraso
0,16.20847570495955,-16.20847570495955,16.20847570495955,Sin retraso
0,3.972248427751194,-3.972248427751194,3.972248427751194,Sin retraso
0,25.582246725566037,-25.582246725566037,25.582246725566037,Sin retraso
0,29.80147300390324,-29.80147300390324,29.80147300390324,Sin retraso
0,11.361369881908367,-11.361369881908367,11.361369881908367,Sin retraso
0,11.865857575244622,-11.865857575244622,11.865857575244622,Sin retraso
0,23.01442201952796,-23.01442201952796,23.01442201952796,Sin retraso
0,2.457467946761303,-2.457467946761303,2.457467946761303,Sin retraso
0,16.564055290481235,-16.564055290481235,16.564055290481235,Sin retraso
0,13.159950070917407,-13.159950070917407,13.159950070917407,Sin retraso
67,31.6608484064406,35.3391515935594,35.3391515935594,Retraso alto
0,3.9592267490813695,-3.9592267490813695,3.9592267490813695,Sin retraso
0,4.2154775989390005,-4.2154775989390005,4.2154775989390005,Sin retraso
54,10.479945556040002,43.52005444396,43.52005444396,Retraso alto
0,11.419395295485703,-11.419395295485703,11.419395295485703,Sin retraso
0,27.942678414000564,-27.942678414000564,27.942678414000564,Sin retraso
0,21.040377247338885,-21.040377247338885,21.040377247338885,Sin retraso
0,4.8086974338600665,-4.8086974338600665,4.8086974338600665,Sin retraso
0,7.977247959042103,-7.977247959042103,7.977247959042103,Sin retraso
81,21.672597397340102,59.3274026026599,59.3274026026599,Retraso alto
0,18.997900462912618,-18.997900462912618,18.997900462912618,Sin retraso
0,5.1954413831387365,-5.1954413831387365,5.1954413831387365,Sin retraso
0,10.244086617143289,-10.244086617143289,10.244086617143289,Sin retraso
0,2.4364759692608335,-2.4364759692608335,2.4364759692608335,Sin retraso
0,3.3842912599764365,-3.3842912599764365,3.3842912599764365,Sin retraso
62,19.684580400792346,42.31541959920766,42.31541959920766,Retraso alto
20,5.876474293495338,14.123525706504662,14.123525706504662,Retraso medio
0,11.696765892078297,-11.696765892078297,11.696765892078297,Sin retraso
0,19.649955862864026,-19.649955862864026,19.649955862864026,Sin retraso
0,16.825621173168546,-16.825621173168546,16.825621173168546,Sin retraso
59,23.3320998388318,35.6679001611682,35.6679001611682,Retraso alto
0,17.071164373349117,-17.071164373349117,17.071164373349117,Sin retraso
0,12.2871793165879,-12.2871793165879,12.2871793165879,Sin retraso
0,13.384757363883807,-13.384757363883807,13.384757363883807,Sin retraso
36,12.244827101485022,23.755172898514978,23.755172898514978,Retraso alto
0,10.430712657714189,-10.430712657714189,10.430712657714189,Sin retraso
42,22.180766438228556,19.819233561771444,19.819233561771444,Retraso alto
0,12.99924211085833,-12.99924211085833,12.99924211085833,Sin retraso
48,9.206474666160137,38.79352533383987,38.79352533383987,Retraso alto
0,16.31214740281722,-16.31214740281722,16.31214740281722,Sin retraso
0,33.73085074443046,-33.73085074443046,33.73085074443046,Sin retraso
45,16.08592196275984,28.91407803724016,28.91407803724016,Retraso alto
0,13.900554460607209,-13.900554460607209,13.900554460607209,Sin retraso
0,30.636312732334513,-30.636312732334513,30.636312732334513,Sin retraso
0,3.0211622701412346,-3.0211622701412346,3.0211622701412346,Sin retraso
0,13.621228729506411,-13.621228729506411,13.621228729506411,Sin retraso
0,24.94413334091632,-24.94413334091632,24.94413334091632,Sin retraso
42,21.246746387722233,20.753253612277767,20.753253612277767,Retraso alto
0,3.143361886949558,-3.143361886949558,3.143361886949558,Sin retraso
60,22.24370342040412,37.75629657959588,37.75629657959588,Retraso alto
0,26.353931099616542,-26.353931099616542,26.353931099616542,Sin retraso
0,8.558181148711824,-8.558181148711824,8.558181148711824,Sin retraso
0,11.219582497435374,-11.219582497435374,11.219582497435374,Sin retraso
0,3.8755938708802145,-3.8755938708802145,3.8755938708802145,Sin retraso
16,7.922909717406948,8.077090282593051,8.077090282593051,Retraso medio
0,4.756276961335405,-4.756276961335405,4.756276961335405,Sin retraso
0,23.112357216314606,-23.112357216314606,23.112357216314606,Sin retraso
0,12.584907631899709,-12.584907631899709,12.584907631899709,Sin retraso
0,18.145374812524246,-18.145374812524246,18.145374812524246,Sin retraso
22,14.014152957103573,7.985847042896427,7.985847042896427,Retraso medio
39,12.680198056342958,26.31980194365704,26.31980194365704,Retraso alto
0,33.2773009258946,-33.2773009258946,33.2773009258946,Sin retraso
47,33.80226654003282,13.197733459967182,13.197733459967182,Retraso alto
50,29.63514255050317,20.36485744949683,20.36485744949683,Retraso alto
0,9.24285314868549,-9.24285314868549,9.24285314868549,Sin retraso
0,2.170930004063552,-2.170930004063552,2.170930004063552,Sin retraso
0,9.715970714876356,-9.715970714876356,9.715970714876356,Sin retraso
0,4.404010535423168,-4.404010535423168,4.404010535423168,Sin retraso
0,9.362456298168286,-9.362456298168286,9.362456298168286,Sin retraso
56,18.08252381132858,37.917476188671415,37.917476188671415,Retraso alto
21,5.952208534056958,15.047791465943043,15.047791465943043,Retraso medio
57,22.532345605683098,34.4676543943169,34.4676543943169,Retraso alto
0,21.91008084015378,-21.91008084015378,21.91008084015378,Sin retraso
0,14.106570379387005,-14.106570379387005,14.106570379387005,Sin retraso
0,12.248366211648758,-12.248366211648758,12.248366211648758,Sin retraso
0,24.38936976167169,-24.38936976167169,24.38936976167169,Sin retraso
0,13.55871298422581,-13.55871298422581,13.55871298422581,Sin retraso
0,19.786018164791702,-19.786018164791702,19.786018164791702,Sin retraso
25,12.795156475566639,12.204843524433361,12.204843524433361,Retraso medio
0,4.359609331812989,-4.359609331812989,4.359609331812989,Sin retraso
0,27.426098567320732,-27.426098567320732,27.426098567320732,Sin retraso
0,14.860670709855228,-14.860670709855228,14.860670709855228,Sin retraso
45,29.749970852311936,15.250029147688064,15.250029147688064,Retraso alto
51,7.615565097685156,43.384434902314844,43.384434902314844,Retraso alto
0,3.4839315731548726,-3.4839315731548726,3.4839315731548726,Sin retraso
0,9.42595756588881,-9.42595756588881,9.42595756588881,Sin retraso
0,5.026026706104895,-5.026026706104895,5.026026706104895,Sin retraso
0,4.855936123008695,-4.855936123008695,4.855936123008695,Sin retraso
34,24.95989329744293,9.040106702557068,9.040106702557068,Retraso alto
0,2.89576349200593,-2.89576349200593,2.89576349200593,Sin retraso
0,12.36630174125738,-12.36630174125738,12.36630174125738,Sin retraso
43,12.149208013065344,30.850791986934656,30.850791986934656,Retraso alto
67,29.480973222073494,37.519026777926506,37.519026777926506,Retraso alto
0,5.085423940581509,-5.085423940581509,5.085423940581509,Sin retraso
31,10.779092123333939,20.22090787666606,20.22090787666606,Retraso alto
0,23.290827148133758,-23.290827148133758,23.290827148133758,Sin retraso
0,10.631829059883176,-10.631829059883176,10.631829059883176,Sin retraso
0,6.554993227443187,-6.554993227443187,6.554993227443187,Sin retraso
0,23.87909999845,-23.87909999845,23.87909999845,Sin retraso
43,8.42631299485234,34.57368700514766,34.57368700514766,Retraso alto
0,13.658477930382412,-13.658477930382412,13.658477930382412,Sin retraso
0,2.472542177042353,-2.472542177042353,2.472542177042353,Sin retraso
15,2.787485441497177,12.212514558502823,12.212514558502823,Retraso leve
0,18.02346104151914,-18.02346104151914,18.02346104151914,Sin retraso
0,10.482089094562546,-10.482089094562546,10.482089094562546,Sin retraso
0,10.9824499608016,-10.9824499608016,10.9824499608016,Sin retraso
0,27.18575891654691,-27.18575891654691,27.18575891654691,Sin retraso
46,5.314308683964347,40.68569131603565,40.68569131603565,Retraso alto
0,13.495840450239928,-13.495840450239928,13.495840450239928,Sin retraso
0,12.736313140936206,-12.736313140936206,12.736313140936206,Sin retraso
0,4.112922154681876,-4.112922154681876,4.112922154681876,Sin retraso
27,10.011081091786318,16.988918908213684,16.988918908213684,Retraso medio
0,9.399391051250724,-9.399391051250724,9.399391051250724,Sin retraso
0,2.2965348885211943,-2.2965348885211943,2.2965348885211943,Sin retraso
57,28.563755085988593,28.436244914011407,28.436244914011407,Retraso alto
0,11.494190307126857,-11.494190307126857,11.494190307126857,Sin retraso
30,13.578597565152549,16.42140243484745,16.42140243484745,Retraso medio
0,5.454196777667277,-5.454196777667277,5.454196777667277,Sin retraso
0,13.358269807194272,-13.358269807194272,13.358269807194272,Sin retraso
0,25.33808244451604,-25.33808244451604,25.33808244451604,Sin retraso
45,12.15479779950573,32.84520220049427,32.84520220049427,Retraso alto
0,18.96618427362521,-18.96618427362521,18.96618427362521,Sin retraso
0,11.259654585502977,-11.259654585502977,11.259654585502977,Sin retraso
44,27.233072217366743,16.766927782633257,16.766927782633257,Retraso alto
52,30.905002580662163,21.094997419337837,21.094997419337837,Retraso alto
0,2.4948772276686255,-2.4948772276686255,2.4948772276686255,Sin retraso
0,2.156328352504168,-2.156328352504168,2.156328352504168,Sin retraso
0,3.8496184968892595,-3.8496184968892595,3.8496184968892595,Sin retraso
0,23.723307457033748,-23.723307457033748,23.723307457033748,Sin retraso
0,13.99118738227943,-13.99118738227943,13.99118738227943,Sin retraso
0,11.186268732808042,-11.186268732808042,11.186268732808042,Sin retraso
22,7.523207561066689,14.47679243893331,14.47679243893331,Retraso medio
0,9.594213258407663,-9.594213258407663,9.594213258407663,Sin retraso
0,15.363950551966255,-15.363950551966255,15.363950551966255,Sin retraso
0,4.268662959799289,-4.268662959799289,4.268662959799289,Sin retraso
0,12.521703412260742,-12.521703412260742,12.521703412260742,Sin retraso
0,11.746942620432119,-11.746942620432119,11.746942620432119,Sin retraso
0,8.853372150597728,-8.853372150597728,8.853372150597728,Sin retraso
0,3.7175207136642836,-3.7175207136642836,3.7175207136642836,Sin retraso
0,13.92386867814374,-13.92386867814374,13.92386867814374,Sin retraso
0,3.6875255309392725,-3.6875255309392725,3.6875255309392725,Sin retraso
0,26.89740962085508,-26.89740962085508,26.89740962085508,Sin retraso
0,2.863450963866482,-2.863450963866482,2.863450963866482,Sin retraso
0,6.179779431650575,-6.179779431650575,6.179779431650575,Sin retraso
0,23.27735112982725,-23.27735112982725,23.27735112982725,Sin retraso
0,24.476005908478072,-24.476005908478072,24.476005908478072,Sin retraso
44,12.524064682101955,31.475935317898045,31.475935317898045,Retraso alto
0,2.314592107948906,-2.314592107948906,2.314592107948906,Sin retraso
43,17.220550015247845,25.779449984752155,25.779449984752155,Retraso alto
0,9.948646749665095,-9.948646749665095,9.948646749665095,Sin retraso
54,22.298131280468127,31.701868719531873,31.701868719531873,Retraso alto
0,3.156740287836247,-3.156740287836247,3.156740287836247,Sin retraso
0,26.327867077107516,-26.327867077107516,26.327867077107516,Sin retraso
0,12.112372045655366,-12.112372045655366,12.112372045655366,Sin retraso
0,6.151481838572212,-6.151481838572212,6.151481838572212,Sin retraso
0,8.12532496146623,-8.12532496146623,8.12532496146623,Sin retraso
0,15.88686070031394,-15.88686070031394,15.88686070031394,Sin retraso
0,5.043361500160382,-5.043361500160382,5.043361500160382,Sin retraso
72,23.65798525107076,48.342014748929245,48.342014748929245,Retraso alto
0,5.504021865362147,-5.504021865362147,5.504021865362147,Sin retraso
0,19.898731485969176,-19.898731485969176,19.898731485969176,Sin retraso
37,11.116765564555221,25.883234435444777,25.883234435444777,Retraso alto
41,26.030200732945026,14.969799267054974,14.969799267054974,Retraso alto
0,3.999617736766942,-3.999617736766942,3.999617736766942,Sin retraso
0,30.880854044098193,-30.880854044098193,30.880854044098193,Sin retraso
0,22.57615045938035,-22.57615045938035,22.57615045938035,Sin retraso
0,11.354461150201443,-11.354461150201443,11.354461150201443,Sin retraso
0,4.156391498335039,-4.156391498335039,4.156391498335039,Sin retraso
36,15.709503011796713,20.290496988203287,20.290496988203287,Retraso alto
39,11.265610035870141,27.73438996412986,27.73438996412986,Retraso alto
0,5.465069893056724,-5.465069893056724,5.465069893056724,Sin retraso
0,20.6124993688203,-20.6124993688203,20.6124993688203,Sin retraso
0,17.12557274335664,-17.12557274335664,17.12557274335664,Sin retraso
0,9.816794461571854,-9.816794461571854,9.816794461571854,Sin retraso
0,11.296031812123909,-11.296031812123909,11.296031812123909,Sin retraso
0,3.5132179080531607,-3.5132179080531607,3.5132179080531607,Sin retraso
0,13.011955394032439,-13.011955394032439,13.011955394032439,Sin retraso
0,1.9357431861848102,-1.9357431861848102,1.9357431861848102,Sin retraso
0,9.951897295903521,-9.951897295903521,9.951897295903521,Sin retraso
0,4.031700017074701,-4.031700017074701,4.031700017074701,Sin retraso
0,23.40717462088193,-23.40717462088193,23.40717462088193,Sin retraso
0,24.316477535119827,-24.316477535119827,24.316477535119827,Sin retraso
45,8.880023733331972,36.119976266668026,36.119976266668026,Retraso alto
0,14.84373082227804,-14.84373082227804,14.84373082227804,Sin retraso
0,12.826703793342753,-12.826703793342753,12.826703793342753,Sin retraso
0,15.320013131091441,-15.320013131091441,15.320013131091441,Sin retraso
0,21.07224497070706,-21.07224497070706,21.07224497070706,Sin retraso
49,21.625368259909884,27.374631740090116,27.374631740090116,Retraso alto
0,10.968137413425168,-10.968137413425168,10.968137413425168,Sin retraso
0,13.103928114742757,-13.103928114742757,13.103928114742757,Sin retraso
43,8.580108962959505,34.41989103704049,34.41989103704049,Retraso alto
0,8.494570180368752,-8.494570180368752,8.494570180368752,Sin retraso
29,11.611034384841517,17.388965615158483,17.388965615158483,Retraso medio
0,5.094715390137498,-5.094715390137498,5.094715390137498,Sin retraso
0,4.978683054774819,-4.978683054774819,4.978683054774819,Sin retraso
0,9.393200932188375,-9.393200932188375,9.393200932188375,Sin retraso
0,11.938011978795561,-11.938011978795561,11.938011978795561,Sin retraso
0,9.21982249661638,-9.21982249661638,9.21982249661638,Sin retraso
0,15.172789310774029,-15.172789310774029,15.172789310774029,Sin retraso
40,13.068917951116449,26.931082048883553,26.931082048883553,Retraso alto
0,15.86419341855462,-15.86419341855462,15.86419341855462,Sin retraso
0,18.4198385353309,-18.4198385353309,18.4198385353309,Sin retraso
0,22.123755012599464,-22.123755012599464,22.123755012599464,Sin retraso
0,18.072063942567443,-18.072063942567443,18.072063942567443,Sin retraso
0,27.01399890754352,-27.01399890754352,27.01399890754352,Sin retraso
0,15.66931895139038,-15.66931895139038,15.66931895139038,Sin retraso
0,6.9606963609599415,-6.9606963609599415,6.9606963609599415,Sin retraso
35,23.18974280863865,11.810257191361352,11.810257191361352,Retraso alto
57,30.68605784593231,26.31394215406769,26.31394215406769,Retraso alto
57,31.272155440781116,25.727844559218884,25.727844559218884,Retraso alto
36,28.760491144986407,7.239508855013593,7.239508855013593,Retraso alto
0,14.43265110912209,-14.43265110912209,14.43265110912209,Sin retraso
0,5.174542185528919,-5.174542185528919,5.174542185528919,Sin retraso
0,12.192395645320435,-12.192395645320435,12.192395645320435,Sin retraso
0,21.94933328513606,-21.94933328513606,21.94933328513606,Sin retraso
21,5.194833134197235,15.805166865802764,15.805166865802764,Retraso medio
0,7.709330940796413,-7.709330940796413,7.709330940796413,Sin retraso
0,10.790021242552887,-10.790021242552887,10.790021242552887,Sin retraso
24,4.373425949026811,19.62657405097319,19.62657405097319,Retraso medio
0,25.119235948491728,-25.119235948491728,25.119235948491728,Sin retraso
36,6.358002395911567,29.641997604088434,29.641997604088434,Retraso alto
0,4.608946488175886,-4.608946488175886,4.608946488175886,Sin retraso
22,2.6104692089854926,19.389530791014508,19.389530791014508,Retraso medio
0,4.0387546638562375,-4.0387546638562375,4.0387546638562375,Sin retraso
0,4.394417049534814,-4.394417049534814,4.394417049534814,Sin retraso
0,2.7385621153370563,-2.7385621153370563,2.7385621153370563,Sin retraso
0,12.08853719328627,-12.08853719328627,12.08853719328627,Sin retraso
0,3.088401349933994,-3.088401349933994,3.088401349933994,Sin retraso
0,5.633837512987185,-5.633837512987185,5.633837512987185,Sin retraso
0,8.094550410100188,-8.094550410100188,8.094550410100188,Sin retraso
0,17.277707303495607,-17.277707303495607,17.277707303495607,Sin retraso
0,8.114789658006728,-8.114789658006728,8.114789658006728,Sin retraso
0,9.646473407518235,-9.646473407518235,9.646473407518235,Sin retraso
64,11.785236821414475,52.21476317858553,52.21476317858553,Retraso alto
0,3.3113987112516683,-3.3113987112516683,3.3113987112516683,Sin retraso
0,9.927693308388603,-9.927693308388603,9.927693308388603,Sin retraso
0,31.798763063891915,-31.798763063891915,31.798763063891915,Sin retraso
26,10.539796891866656,15.460203108133344,15.460203108133344,Retraso medio
10,3.671011658117644,6.328988341882356,6.328988341882356,Retraso leve
0,7.334366606130268,-7.334366606130268,7.334366606130268,Sin retraso
0,8.76601807089562,-8.76601807089562,8.76601807089562,Sin retraso
0,13.651640562970137,-13.651640562970137,13.651640562970137,Sin retraso
0,20.58696223871638,-20.58696223871638,20.58696223871638,Sin retraso
0,3.0764413349259443,-3.0764413349259443,3.0764413349259443,Sin retraso
0,3.4769900563070193,-3.4769900563070193,3.4769900563070193,Sin retraso
0,10.989412926141416,-10.989412926141416,10.989412926141416,Sin retraso
0,7.600733309877246,-7.600733309877246,7.600733309877246,Sin retraso
0,10.369272931315678,-10.369272931315678,10.369272931315678,Sin retraso
0,2.9370455828359576,-2.9370455828359576,2.9370455828359576,Sin retraso
0,22.356913363187356,-22.356913363187356,22.356913363187356,Sin retraso
35,20.78612904001787,14.213870959982131,14.213870959982131,Retraso alto
48,11.83730091109491,36.162699088905086,36.162699088905086,Retraso alto
21,13.594536145435718,7.405463854564282,7.405463854564282,Retraso medio
0,5.177263354281731,-5.177263354281731,5.177263354281731,Sin retraso
41,8.348071011068864,32.65192898893113,32.65192898893113,Retraso alto
0,7.765309829552067,-7.765309829552067,7.765309829552067,Sin retraso
0,10.875479862637196,-10.875479862637196,10.875479862637196,Sin retraso
0,8.598454975818434,-8.598454975818434,8.598454975818434,Sin retraso
0,12.351042853254024,-12.351042853254024,12.351042853254024,Sin retraso
0,5.689625605982697,-5.689625605982697,5.689625605982697,Sin retraso
26,2.4455088288719637,23.554491171128035,23.554491171128035,Retraso medio
0,21.94941647471257,-21.94941647471257,21.94941647471257,Sin retraso
41,9.618976157510069,31.38102384248993,31.38102384248993,Retraso alto
0,9.659325362491927,-9.659325362491927,9.659325362491927,Sin retraso
43,6.593681741349423,36.40631825865058,36.40631825865058,Retraso alto
0,5.185085995706418,-5.185085995706418,5.185085995706418,Sin retraso
0,4.85178106663457,-4.85178106663457,4.85178106663457,Sin retraso
0,3.6056004050937314,-3.6056004050937314,3.6056004050937314,Sin retraso
38,13.374000361664955,24.625999638335045,24.625999638335045,Retraso alto
0,13.469043879060253,-13.469043879060253,13.469043879060253,Sin retraso
67,15.076451177394162,51.92354882260584,51.92354882260584,Retraso alto
0,19.939638409244427,-19.939638409244427,19.939638409244427,Sin retraso
0,6.233797343110626,-6.233797343110626,6.233797343110626,Sin retraso
0,4.555823251490173,-4.555823251490173,4.555823251490173,Sin retraso
0,8.835382142597279,-8.835382142597279,8.835382142597279,Sin retraso
0,2.8214762327221656,-2.8214762327221656,2.8214762327221656,Sin retraso
0,11.259466016549817,-11.259466016549817,11.259466016549817,Sin retraso
0,16.091627497106714,-16.091627497106714,16.091627497106714,Sin retraso
59,25.798154121490157,33.20184587850984,33.20184587850984,Retraso alto
69,13.060311264809059,55.93968873519094,55.93968873519094,Retraso alto
34,13.977719297005955,20.022280702994045,20.022280702994045,Retraso alto
57,23.401172739743256,33.59882726025674,33.59882726025674,Retraso alto
42,28.10936601173756,13.89063398826244,13.89063398826244,Retraso alto
0,11.672575217277842,-11.672575217277842,11.672575217277842,Sin retraso
40,21.76298977820693,18.23701022179307,18.23701022179307,Retraso alto
0,4.328228709116479,-4.328228709116479,4.328228709116479,Sin retraso
0,18.30773428265328,-18.30773428265328,18.30773428265328,Sin retraso
0,11.078398391005734,-11.078398391005734,11.078398391005734,Sin retraso
0,20.740164971048653,-20.740164971048653,20.740164971048653,Sin retraso
0,20.794664549963635,-20.794664549963635,20.794664549963635,Sin retraso
0,4.2808563950392475,-4.2808563950392475,4.2808563950392475,Sin retraso
0,19.709020410943218,-19.709020410943218,19.709020410943218,Sin retraso
0,8.748430152881474,-8.748430152881474,8.748430152881474,Sin retraso
49,28.066975657749666,20.933024342250334,20.933024342250334,Retraso alto
0,4.5371046022738595,-4.5371046022738595,4.5371046022738595,Sin retraso
0,10.248803297587948,-10.248803297587948,10.248803297587948,Sin retraso
0,28.866464294420833,-28.866464294420833,28.866464294420833,Sin retraso
0,23.970408513291815,-23.970408513291815,23.970408513291815,Sin retraso
0,28.12401699630407,-28.12401699630407,28.12401699630407,Sin retraso
29,10.936140428957675,18.063859571042325,18.063859571042325,Retraso medio
0,15.115523147489268,-15.115523147489268,15.115523147489268,Sin retraso
0,11.364167528670105,-11.364167528670105,11.364167528670105,Sin retraso
0,10.591186553901908,-10.591186553901908,10.591186553901908,Sin retraso
0,6.527216061075227,-6.527216061075227,6.527216061075227,Sin retraso
0,9.57760777895503,-9.57760777895503,9.57760777895503,Sin retraso
35,13.016037252026452,21.98396274797355,21.98396274797355,Retraso alto
0,21.325367619307993,-21.325367619307993,21.325367619307993,Sin retraso
0,5.360632013834195,-5.360632013834195,5.360632013834195,Sin retraso
0,2.7280498827216717,-2.7280498827216717,2.7280498827216717,Sin retraso
0,19.11799547901614,-19.11799547901614,19.11799547901614,Sin retraso
53,11.851799679621797,41.1482003203782,41.1482003203782,Retraso alto
0,28.15218602154851,-28.15218602154851,28.15218602154851,Sin retraso
0,7.03507227430617,-7.03507227430617,7.03507227430617,Sin retraso
0,6.261163625756687,-6.261163625756687,6.261163625756687,Sin retraso
31,27.67213173551677,3.3278682644832287,3.3278682644832287,Retraso alto
0,7.063761087771867,-7.063761087771867,7.063761087771867,Sin retraso
0,13.12999152121334,-13.12999152121334,13.12999152121334,Sin retraso
0,10.526720763474648,-10.526720763474648,10.526720763474648,Sin retraso
58,26.896963419644976,31.103036580355024,31.103036580355024,Retraso alto
34,11.421715223023241,22.57828477697676,22.57828477697676,Retraso alto
57,33.28045469523452,23.719545304765482,23.719545304765482,Retraso alto
0,3.898831372076029,-3.898831372076029,3.898831372076029,Sin retraso
38,13.274877313230164,24.725122686769836,24.725122686769836,Retraso alto
0,11.816039439631641,-11.816039439631641,11.816039439631641,Sin retraso
51,12.278919368034305,38.72108063196569,38.72108063196569,Retraso alto
0,10.412339734251207,-10.412339734251207,10.412339734251207,Sin retraso
51,11.537532655298412,39.46246734470159,39.46246734470159,Retraso alto
0,9.28908904681329,-9.28908904681329,9.28908904681329,Sin retraso
0,5.082863582320773,-5.082863582320773,5.082863582320773,Sin retraso
0,3.330554350431334,-3.330554350431334,3.330554350431334,Sin retraso
0,8.16617752631867,-8.16617752631867,8.16617752631867,Sin retraso
0,7.2474263024204335,-7.2474263024204335,7.2474263024204335,Sin retraso
0,7.050847207907484,-7.050847207907484,7.050847207907484,Sin retraso
0,8.613377832012343,-8.613377832012343,8.613377832012343,Sin retraso
0,2.957475649327531,-2.957475649327531,2.957475649327531,Sin retraso
0,2.805480249819459,-2.805480249819459,2.805480249819459,Sin retraso
0,7.87030615520331,-7.87030615520331,7.87030615520331,Sin retraso
0,22.74426704145753,-22.74426704145753,22.74426704145753,Sin retraso
0,5.282354082923595,-5.282354082923595,5.282354082923595,Sin retraso
26,3.6709403182360747,22.329059681763926,22.329059681763926,Retraso medio
0,10.72488059942375,-10.72488059942375,10.72488059942375,Sin retraso
0,20.460813166843835,-20.460813166843835,20.460813166843835,Sin retraso
0,6.870260739465959,-6.870260739465959,6.870260739465959,Sin retraso
0,15.835741556795192,-15.835741556795192,15.835741556795192,Sin retraso
0,14.865562857652797,-14.865562857652797,14.865562857652797,Sin retraso
0,15.622945216691072,-15.622945216691072,15.622945216691072,Sin retraso
46,10.140876787806185,35.859123212193815,35.859123212193815,Retraso alto
0,32.821600829210304,-32.821600829210304,32.821600829210304,Sin retraso
0,15.402663099404005,-15.402663099404005,15.402663099404005,Sin retraso
0,3.7686246540276547,-3.7686246540276547,3.7686246540276547,Sin retraso
0,3.776378056204901,-3.776378056204901,3.776378056204901,Sin retraso
63,24.221829028506995,38.778170971493005,38.778170971493005,Retraso alto
54,12.414932716854567,41.585067283145435,41.585067283145435,Retraso alto
0,7.457699461864906,-7.457699461864906,7.457699461864906,Sin retraso
33,6.343522083953765,26.656477916046235,26.656477916046235,Retraso alto
0,3.2618953988809203,-3.2618953988809203,3.2618953988809203,Sin retraso
0,5.549442947354936,-5.549442947354936,5.549442947354936,Sin retraso
0,21.11081472437761,-21.11081472437761,21.11081472437761,Sin retraso
0,15.855451367816375,-15.855451367816375,15.855451367816375,Sin retraso
0,5.1869217953939675,-5.1869217953939675,5.1869217953939675,Sin retraso
0,31.77075369124732,-31.77075369124732,31.77075369124732,Sin retraso
0,19.465079610432426,-19.465079610432426,19.465079610432426,Sin retraso
49,24.02311230927779,24.97688769072221,24.97688769072221,Retraso alto
0,23.423615048213655,-23.423615048213655,23.423615048213655,Sin retraso
45,26.133185877873647,18.866814122126353,18.866814122126353,Retraso alto
29,10.457167324594055,18.542832675405947,18.542832675405947,Retraso medio
0,7.237060113905781,-7.237060113905781,7.237060113905781,Sin retraso
0,5.5870137296815905,-5.5870137296815905,5.5870137296815905,Sin retraso
50,9.766942518682306,40.233057481317694,40.233057481317694,Retraso alto
59,22.552742031172837,36.44725796882716,36.44725796882716,Retraso alto
34,22.52867674537273,11.471323254627269,11.471323254627269,Retraso alto
41,28.347821978171183,12.652178021828817,12.652178021828817,Retraso alto
0,9.890070581001611,-9.890070581001611,9.890070581001611,Sin retraso
0,10.921293661423475,-10.921293661423475,10.921293661423475,Sin retraso
0,9.717177806066275,-9.717177806066275,9.717177806066275,Sin retraso
0,8.567185840620743,-8.567185840620743,8.567185840620743,Sin retraso
0,4.330885231903253,-4.330885231903253,4.330885231903253,Sin retraso
14,6.6392331218253755,7.3607668781746245,7.3607668781746245,Retraso leve
0,5.0070898788158695,-5.0070898788158695,5.0070898788158695,Sin retraso
46,24.311704538377978,21.688295461622022,21.688295461622022,Retraso alto
0,17.16147206464224,-17.16147206464224,17.16147206464224,Sin retraso
0,19.448350271590208,-19.448350271590208,19.448350271590208,Sin retraso
0,11.322219777358493,-11.322219777358493,11.322219777358493,Sin retraso
35,11.837102341707656,23.162897658292344,23.162897658292344,Retraso alto
0,23.754800320651615,-23.754800320651615,23.754800320651615,Sin retraso
43,14.85912348827771,28.14087651172229,28.14087651172229,Retraso alto
0,9.53233238368064,-9.53233238368064,9.53233238368064,Sin retraso
0,5.5926784133485405,-5.5926784133485405,5.5926784133485405,Sin retraso
59,26.075410012755473,32.92458998724453,32.92458998724453,Retraso alto
0,21.29189922733414,-21.29189922733414,21.29189922733414,Sin retraso
0,4.521066978969651,-4.521066978969651,4.521066978969651,Sin retraso
0,11.705482572187025,-11.705482572187025,11.705482572187025,Sin retraso
0,21.57671404159954,-21.57671404159954,21.57671404159954,Sin retraso
50,25.150447785654272,24.849552214345728,24.849552214345728,Retraso alto
0,3.367081846721864,-3.367081846721864,3.367081846721864,Sin retraso
0,13.134124616960216,-13.134124616960216,13.134124616960216,Sin retraso
0,11.431349476477742,-11.431349476477742,11.431349476477742,Sin retraso
79,18.157728841018834,60.84227115898116,60.84227115898116,Retraso alto
0,6.44493799695687,-6.44493799695687,6.44493799695687,Sin retraso
17,10.85785017724205,6.1421498227579505,6.1421498227579505,Retraso medio
0,15.085732411108511,-15.085732411108511,15.085732411108511,Sin retraso
0,9.934816723045639,-9.934816723045639,9.934816723045639,Sin retraso
0,3.4912283315469534,-3.4912283315469534,3.4912283315469534,Sin retraso
0,30.42048684645007,-30.42048684645007,30.42048684645007,Sin retraso
54,16.259646604618624,37.740353395381376,37.740353395381376,Retraso alto
0,21.37812933506218,-21.37812933506218,21.37812933506218,Sin retraso
23,17.338066705351114,5.661933294648886,5.661933294648886,Retraso medio
0,12.68913997835112,-12.68913997835112,12.68913997835112,Sin retraso
34,23.28260748257213,10.717392517427871,10.717392517427871,Retraso alto
0,13.02554525152889,-13.02554525152889,13.02554525152889,Sin retraso
38,5.235533330253205,32.764466669746795,32.764466669746795,Retraso alto
0,16.809090695866406,-16.809090695866406,16.809090695866406,Sin retraso
0,24.70179865964657,-24.70179865964657,24.70179865964657,Sin retraso
0,14.624473899614996,-14.624473899614996,14.624473899614996,Sin retraso
0,25.252726261470226,-25.252726261470226,25.252726261470226,Sin retraso
0,10.934215188795454,-10.934215188795454,10.934215188795454,Sin retraso
0,5.732957459333454,-5.732957459333454,5.732957459333454,Sin retraso
32,20.128313758640378,11.871686241359622,11.871686241359622,Retraso alto
0,10.119417526577514,-10.119417526577514,10.119417526577514,Sin retraso
0,6.272280215871144,-6.272280215871144,6.272280215871144,Sin retraso
39,6.743207188816201,32.2567928111838,32.2567928111838,Retraso alto
44,10.515993047128406,33.484006952871596,33.484006952871596,Retraso alto
0,19.95395704226154,-19.95395704226154,19.95395704226154,Sin retraso
0,31.3985241270703,-31.3985241270703,31.3985241270703,Sin retraso
0,27.218339154653208,-27.218339154653208,27.218339154653208,Sin retraso
0,10.666820792335905,-10.666820792335905,10.666820792335905,Sin retraso
45,25.46119830915916,19.53880169084084,19.53880169084084,Retraso alto
31,16.338563441816664,14.661436558183336,14.661436558183336,Retraso alto
0,8.24786554539346,-8.24786554539346,8.24786554539346,Sin retraso
0,11.034086277061554,-11.034086277061554,11.034086277061554,Sin retraso
0,19.23305391436055,-19.23305391436055,19.23305391436055,Sin retraso
54,34.03926716657747,19.960732833422533,19.960732833422533,Retraso alto
0,7.189304648524357,-7.189304648524357,7.189304648524357,Sin retraso
0,26.198634841654712,-26.198634841654712,26.198634841654712,Sin retraso
51,24.96436126488312,26.03563873511688,26.03563873511688,Retraso alto
0,3.162836156752708,-3.162836156752708,3.162836156752708,Sin retraso
0,24.570792644238505,-24.570792644238505,24.570792644238505,Sin retraso
0,10.097037819744653,-10.097037819744653,10.097037819744653,Sin retraso
0,28.857495588950815,-28.857495588950815,28.857495588950815,Sin retraso
39,25.303856046470383,13.696143953529617,13.696143953529617,Retraso alto
42,12.71045819284877,29.28954180715123,29.28954180715123,Retraso alto
0,13.226114654679975,-13.226114654679975,13.226114654679975,Sin retraso
0,10.810048438225847,-10.810048438225847,10.810048438225847,Sin retraso
0,11.753440909007866,-11.753440909007866,11.753440909007866,Sin retraso
0,20.825666974699196,-20.825666974699196,20.825666974699196,Sin retraso
11,4.469826070571741,6.530173929428259,6.530173929428259,Retraso leve
0,7.2166737608328795,-7.2166737608328795,7.2166737608328795,Sin retraso
0,14.558892159873492,-14.558892159873492,14.558892159873492,Sin retraso
0,27.826177181958027,-27.826177181958027,27.826177181958027,Sin retraso
0,4.3254576432662954,-4.3254576432662954,4.3254576432662954,Sin retraso
0,27.029409603477887,-27.029409603477887,27.029409603477887,Sin retraso
0,11.493320980211003,-11.493320980211003,11.493320980211003,Sin retraso
39,11.288573272792371,27.71142672720763,27.71142672720763,Retraso alto
0,12.259155951074606,-12.259155951074606,12.259155951074606,Sin retraso
35,11.515838818752846,23.484161181247153,23.484161181247153,Retraso alto
0,9.04897591446288,-9.04897591446288,9.04897591446288,Sin retraso
0,23.030693705846847,-23.030693705846847,23.030693705846847,Sin retraso
0,10.429495230400214,-10.429495230400214,10.429495230400214,Sin retraso
0,25.715238212725552,-25.715238212725552,25.715238212725552,Sin retraso
0,24.103191378635437,-24.103191378635437,24.103191378635437,Sin retraso
0,2.525410451126729,-2.525410451126729,2.525410451126729,Sin retraso
0,19.20703609451566,-19.20703609451566,19.20703609451566,Sin retraso
0,3.398989100406005,-3.398989100406005,3.398989100406005,Sin retraso
0,5.43532314970041,-5.43532314970041,5.43532314970041,Sin retraso
0,7.501069667348216,-7.501069667348216,7.501069667348216,Sin retraso
60,21.57898356904716,38.42101643095284,38.42101643095284,Retraso alto
20,22.297156984434796,-2.297156984434796,2.297156984434796,Retraso medio
29,12.854162346515885,16.145837653484115,16.145837653484115,Retraso medio
0,18.624711016947504,-18.624711016947504,18.624711016947504,Sin retraso
0,12.779919269781812,-12.779919269781812,12.779919269781812,Sin retraso
0,11.13179693126038,-11.13179693126038,11.13179693126038,Sin retraso
0,9.7391918545896,-9.7391918545896,9.7391918545896,Sin retraso
50,20.976980518811356,29.023019481188644,29.023019481188644,Retraso alto
0,9.945829738614252,-9.945829738614252,9.945829738614252,Sin retraso
0,12.939008076738315,-12.939008076738315,12.939008076738315,Sin retraso
73,16.544193267031222,56.45580673296878,56.45580673296878,Retraso alto
76,26.87833841600544,49.12166158399456,49.12166158399456,Retraso alto
23,4.254850189063234,18.745149810936766,18.745149810936766,Retraso medio
0,6.710878708235958,-6.710878708235958,6.710878708235958,Sin retraso
0,3.524845972062455,-3.524845972062455,3.524845972062455,Sin retraso
0,13.239320105507499,-13.239320105507499,13.239320105507499,Sin retraso
46,20.067045732648275,25.932954267351725,25.932954267351725,Retraso alto
0,13.697035435182318,-13.697035435182318,13.697035435182318,Sin retraso
0,18.562652850428634,-18.562652850428634,18.562652850428634,Sin retraso
0,9.165326158635025,-9.165326158635025,9.165326158635025,Sin retraso
46,3.5740325800718717,42.42596741992813,42.42596741992813,Retraso alto
0,8.85550941717797,-8.85550941717797,8.85550941717797,Sin retraso
0,21.477312650786924,-21.477312650786924,21.477312650786924,Sin retraso
0,10.712165058566542,-10.712165058566542,10.712165058566542,Sin retraso
0,9.643211961582216,-9.643211961582216,9.643211961582216,Sin retraso
0,28.239298545209746,-28.239298545209746,28.239298545209746,Sin retraso
0,4.721978378537673,-4.721978378537673,4.721978378537673,Sin retraso
41,24.50736903686043,16.49263096313957,16.49263096313957,Retraso alto
0,12.314726773092797,-12.314726773092797,12.314726773092797,Sin retraso
22,5.183723097550109,16.816276902449893,16.816276902449893,Retraso medio
26,5.655904844166411,20.34409515583359,20.34409515583359,Retraso medio
0,2.8794106626351055,-2.8794106626351055,2.8794106626351055,Sin retraso
0,18.238890034214407,-18.238890034214407,18.238890034214407,Sin retraso
0,14.197568221431988,-14.197568221431988,14.197568221431988,Sin retraso
0,23.098085866033554,-23.098085866033554,23.098085866033554,Sin retraso
0,9.447288884416,-9.447288884416,9.447288884416,Sin retraso
36,11.997527522337977,24.002472477662025,24.002472477662025,Retraso alto
47,18.324543564457663,28.675456435542337,28.675456435542337,Retraso alto
67,27.15855626070705,39.84144373929295,39.84144373929295,Retraso alto
0,12.03824717296736,-12.03824717296736,12.03824717296736,Sin retraso
0,3.2223785787126578,-3.2223785787126578,3.2223785787126578,Sin retraso
0,16.23183304624274,-16.23183304624274,16.23183304624274,Sin retraso
49,22.277460093640858,26.722539906359142,26.722539906359142,Retraso alto
0,13.810066041522111,-13.810066041522111,13.810066041522111,Sin retraso
0,32.608146783306836,-32.608146783306836,32.608146783306836,Sin retraso
0,18.037042751364197,-18.037042751364197,18.037042751364197,Sin retraso
0,11.622407010139703,-11.622407010139703,11.622407010139703,Sin retraso
0,11.223895023712124,-11.223895023712124,11.223895023712124,Sin retraso
0,3.974888664193155,-3.974888664193155,3.974888664193155,Sin retraso
0,19.340777768227607,-19.340777768227607,19.340777768227607,Sin retraso
50,27.93269249096248,22.06730750903752,22.06730750903752,Retraso alto
0,14.107740299396399,-14.107740299396399,14.107740299396399,Sin retraso
28,10.366214296729147,17.633785703270853,17.633785703270853,Retraso medio
0,29.271410479408004,-29.271410479408004,29.271410479408004,Sin retraso
0,4.475382732093022,-4.475382732093022,4.475382732093022,Sin retraso
0,18.603750467150704,-18.603750467150704,18.603750467150704,Sin retraso
24,4.020433335672881,19.97956666432712,19.97956666432712,Retraso medio
51,9.73457273627834,41.26542726372166,41.26542726372166,Retraso alto
0,7.0423752109348,-7.0423752109348,7.0423752109348,Sin retraso
0,34.74868541185478,-34.74868541185478,34.74868541185478,Sin retraso
43,12.520050637633412,30.47994936236659,30.47994936236659,Retraso alto
0,8.505288217348534,-8.505288217348534,8.505288217348534,Sin retraso
0,14.512610660721823,-14.512610660721823,14.512610660721823,Sin retraso
0,14.700458780545361,-14.700458780545361,14.700458780545361,Sin retraso
0,3.3945042396890903,-3.3945042396890903,3.3945042396890903,Sin retraso
22,4.877925415919927,17.122074584080075,17.122074584080075,Retraso medio
0,10.453006884710023,-10.453006884710023,10.453006884710023,Sin retraso
0,14.28334431200451,-14.28334431200451,14.28334431200451,Sin retraso
62,20.791059147290117,41.20894085270989,41.20894085270989,Retraso alto
0,24.13379690952328,-24.13379690952328,24.13379690952328,Sin retraso
0,4.046810066860503,-4.046810066860503,4.046810066860503,Sin retraso
34,9.483766479021636,24.516233520978364,24.516233520978364,Retraso alto
0,10.211841477749525,-10.211841477749525,10.211841477749525,Sin retraso
29,9.674474699101971,19.32552530089803,19.32552530089803,Retraso medio
19,3.9517848077484747,15.048215192251526,15.048215192251526,Retraso medio
0,26.49465966765555,-26.49465966765555,26.49465966765555,Sin retraso
0,6.823084906406466,-6.823084906406466,6.823084906406466,Sin retraso
0,14.541202412078785,-14.541202412078785,14.541202412078785,Sin retraso
0,14.248705550188431,-14.248705550188431,14.248705550188431,Sin retraso
0,12.35221711728502,-12.35221711728502,12.35221711728502,Sin retraso
33,2.9172658623496126,30.082734137650387,30.082734137650387,Retraso alto
0,12.977844261611184,-12.977844261611184,12.977844261611184,Sin retraso
19,5.26009944577173,13.73990055422827,13.73990055422827,Retraso medio
0,10.738904676074531,-10.738904676074531,10.738904676074531,Sin retraso
0,5.869872461691211,-5.869872461691211,5.869872461691211,Sin retraso
0,13.58583167279961,-13.58583167279961,13.58583167279961,Sin retraso
0,10.800325616864226,-10.800325616864226,10.800325616864226,Sin retraso
0,13.99931888814805,-13.99931888814805,13.99931888814805,Sin retraso
51,27.24202279890294,23.75797720109706,23.75797720109706,Retraso alto
17,10.788748633722323,6.211251366277677,6.211251366277677,Retraso medio
0,8.686193085823817,-8.686193085823817,8.686193085823817,Sin retraso
0,15.009661582511093,-15.009661582511093,15.009661582511093,Sin retraso
21,8.558230892790345,12.441769107209655,12.441769107209655,Retraso medio
50,6.727279890850224,43.27272010914977,43.27272010914977,Retraso alto
0,3.3407904072118653,-3.3407904072118653,3.3407904072118653,Sin retraso
15,16.842568188469016,-1.8425681884690164,1.8425681884690164,Retraso leve
0,15.344187042028357,-15.344187042028357,15.344187042028357,Sin retraso
0,10.876052398654371,-10.876052398654371,10.876052398654371,Sin retraso
0,25.03945345847751,-25.03945345847751,25.03945345847751,Sin retraso
0,8.162335467834255,-8.162335467834255,8.162335467834255,Sin retraso
0,7.402608336374715,-7.402608336374715,7.402608336374715,Sin retraso
0,22.841641400013458,-22.841641400013458,22.841641400013458,Sin retraso
63,14.74623658048504,48.25376341951496,48.25376341951496,Retraso alto
54,27.040995026317518,26.959004973682482,26.959004973682482,Retraso alto
0,19.035095720106387,-19.035095720106387,19.035095720106387,Sin retraso
0,24.132711637291123,-24.132711637291123,24.132711637291123,Sin retraso
32,8.797515770777112,23.20248422922289,23.20248422922289,Retraso alto
0,11.185412571732808,-11.185412571732808,11.185412571732808,Sin retraso
0,10.522260945620788,-10.522260945620788,10.522260945620788,Sin retraso
0,6.251392220665834,-6.251392220665834,6.251392220665834,Sin retraso
25,11.99854113095827,13.00145886904173,13.00145886904173,Retraso medio
0,4.689041135741654,-4.689041135741654,4.689041135741654,Sin retraso
0,14.760091280038544,-14.760091280038544,14.760091280038544,Sin retraso
0,24.40552599207897,-24.40552599207897,24.40552599207897,Sin retraso
0,12.487617793753122,-12.487617793753122,12.487617793753122,Sin retraso
0,12.00548475487516,-12.00548475487516,12.00548475487516,Sin retraso
0,34.1145040496817,-34.1145040496817,34.1145040496817,Sin retraso
24,3.789462862960951,20.210537137039047,20.210537137039047,Retraso medio
0,15.31241587786892,-15.31241587786892,15.31241587786892,Sin retraso
0,5.408984921505686,-5.408984921505686,5.408984921505686,Sin retraso
0,10.743175824333566,-10.743175824333566,10.743175824333566,Sin retraso
0,14.294953706173033,-14.294953706173033,14.294953706173033,Sin retraso
0,11.699807902562384,-11.699807902562384,11.699807902562384,Sin retraso
0,14.532927541830299,-14.532927541830299,14.532927541830299,Sin retraso
0,12.224351978632246,-12.224351978632246,12.224351978632246,Sin retraso
0,22.662114670182465,-22.662114670182465,22.662114670182465,Sin retraso
0,7.7668651687044346,-7.7668651687044346,7.7668651687044346,Sin retraso
0,12.579557891016655,-12.579557891016655,12.579557891016655,Sin retraso
17,4.101290149109976,12.898709850890025,12.898709850890025,Retraso medio
0,4.3877591801343065,-4.3877591801343065,4.3877591801343065,Sin retraso
45,19.462174752245353,25.537825247754647,25.537825247754647,Retraso alto
0,11.87587258340218,-11.87587258340218,11.87587258340218,Sin retraso
0,10.828555769909743,-10.828555769909743,10.828555769909743,Sin retraso
0,19.234129719470506,-19.234129719470506,19.234129719470506,Sin retraso
60,27.94682489133067,32.05317510866933,32.05317510866933,Retraso alto
39,4.202822688701459,34.79717731129854,34.79717731129854,Retraso alto
0,13.030661540883875,-13.030661540883875,13.030661540883875,Sin retraso
39,16.246525820641963,22.753474179358037,22.753474179358037,Retraso alto
0,2.8424394068105734,-2.8424394068105734,2.8424394068105734,Sin retraso
0,4.613858324237505,-4.613858324237505,4.613858324237505,Sin retraso
26,5.240866334823553,20.759133665176446,20.759133665176446,Retraso medio
0,8.4675485445079,-8.4675485445079,8.4675485445079,Sin retraso
76,22.74686499722072,53.25313500277928,53.25313500277928,Retraso alto
0,8.054104648864033,-8.054104648864033,8.054104648864033,Sin retraso
0,13.263327203223117,-13.263327203223117,13.263327203223117,Sin retraso
0,11.361603360079554,-11.361603360079554,11.361603360079554,Sin retraso
0,5.568270037702706,-5.568270037702706,5.568270037702706,Sin retraso
0,20.855112942004116,-20.855112942004116,20.855112942004116,Sin retraso
0,24.434620305264765,-24.434620305264765,24.434620305264765,Sin retraso
0,18.42693248335784,-18.42693248335784,18.42693248335784,Sin retraso
0,17.946273966910937,-17.946273966910937,17.946273966910937,Sin retraso
0,21.618504301979993,-21.618504301979993,21.618504301979993,Sin retraso
0,2.382492608447106,-2.382492608447106,2.382492608447106,Sin retraso
0,12.750158107132693,-12.750158107132693,12.750158107132693,Sin retraso
0,25.338008537749037,-25.338008537749037,25.338008537749037,Sin retraso
0,9.315062625079435,-9.315062625079435,9.315062625079435,Sin retraso
0,2.8878869299470047,-2.8878869299470047,2.8878869299470047,Sin retraso
36,11.609711354798351,24.39028864520165,24.39028864520165,Retraso alto
0,30.741860022823065,-30.741860022823065,30.741860022823065,Sin retraso
39,11.80203875633567,27.19796124366433,27.19796124366433,Retraso alto
0,6.8090740611917315,-6.8090740611917315,6.8090740611917315,Sin retraso
0,11.639261481994176,-11.639261481994176,11.639261481994176,Sin retraso
0,2.509272609569287,-2.509272609569287,2.509272609569287,Sin retraso
41,25.05267450522491,15.94732549477509,15.94732549477509,Retraso alto
0,13.209702693135656,-13.209702693135656,13.209702693135656,Sin retraso
0,5.10235666837472,-5.10235666837472,5.10235666837472,Sin retraso
38,6.525728030374718,31.47427196962528,31.47427196962528,Retraso alto
56,20.217647945975518,35.782352054024486,35.782352054024486,Retraso alto
0,4.6591422742278885,-4.6591422742278885,4.6591422742278885,Sin retraso
0,13.016379924168744,-13.016379924168744,13.016379924168744,Sin retraso
0,4.425951259169424,-4.425951259169424,4.425951259169424,Sin retraso
0,6.427335640434502,-6.427335640434502,6.427335640434502,Sin retraso
0,31.842630748162165,-31.842630748162165,31.842630748162165,Sin retraso
0,5.174949430665517,-5.174949430665517,5.174949430665517,Sin retraso
0,8.886099877575631,-8.886099877575631,8.886099877575631,Sin retraso
25,2.6326287804130617,22.36737121958694,22.36737121958694,Retraso medio
0,24.87196084864447,-24.87196084864447,24.87196084864447,Sin retraso
64,30.313200486758102,33.686799513241894,33.686799513241894,Retraso alto
0,7.241219379221558,-7.241219379221558,7.241219379221558,Sin retraso
0,15.35709354833005,-15.35709354833005,15.35709354833005,Sin retraso
0,17.658054042646746,-17.658054042646746,17.658054042646746,Sin retraso
0,10.870512446875741,-10.870512446875741,10.870512446875741,Sin retraso
0,3.201660720880615,-3.201660720880615,3.201660720880615,Sin retraso
0,7.7966451815511935,-7.7966451815511935,7.7966451815511935,Sin retraso
0,12.18277961541799,-12.18277961541799,12.18277961541799,Sin retraso
0,9.440841661670001,-9.440841661670001,9.440841661670001,Sin retraso
0,11.07170076242282,-11.07170076242282,11.07170076242282,Sin retraso
0,14.10004163321244,-14.10004163321244,14.10004163321244,Sin retraso
0,5.5488485538666135,-5.5488485538666135,5.5488485538666135,Sin retraso
0,10.681286964350049,-10.681286964350049,10.681286964350049,Sin retraso
73,24.789117022436663,48.21088297756334,48.21088297756334,Retraso alto
0,23.792938722075437,-23.792938722075437,23.792938722075437,Sin retraso
46,14.138663639341077,31.861336360658925,31.861336360658925,Retraso alto
0,13.142733063830224,-13.142733063830224,13.142733063830224,Sin retraso
0,13.693484214939788,-13.693484214939788,13.693484214939788,Sin retraso
0,21.937316773368572,-21.937316773368572,21.937316773368572,Sin retraso
58,31.992743045722644,26.007256954277356,26.007256954277356,Retraso alto
0,16.221912159510442,-16.221912159510442,16.221912159510442,Sin retraso
0,11.37791836926162,-11.37791836926162,11.37791836926162,Sin retraso
0,6.9047129873512745,-6.9047129873512745,6.9047129873512745,Sin retraso
0,4.662173478461559,-4.662173478461559,4.662173478461559,Sin retraso
51,29.14819510203509,21.85180489796491,21.85180489796491,Retraso alto
0,6.316407264383215,-6.316407264383215,6.316407264383215,Sin retraso
0,12.200820690100118,-12.200820690100118,12.200820690100118,Sin retraso
0,3.449923335054274,-3.449923335054274,3.449923335054274,Sin retraso
25,14.442139223771017,10.557860776228983,10.557860776228983,Retraso medio
0,16.680989917538117,-16.680989917538117,16.680989917538117,Sin retraso
0,11.720067683732543,-11.720067683732543,11.720067683732543,Sin retraso
0,8.886770325248188,-8.886770325248188,8.886770325248188,Sin retraso
80,9.154516232482827,70.84548376751718,70.84548376751718,Retraso alto
0,14.775571632015001,-14.775571632015001,14.775571632015001,Sin retraso
0,27.07081984371812,-27.07081984371812,27.07081984371812,Sin retraso
0,7.460751901853014,-7.460751901853014,7.460751901853014,Sin retraso
0,14.83194864081084,-14.83194864081084,14.83194864081084,Sin retraso
0,12.69976487157797,-12.69976487157797,12.69976487157797,Sin retraso
0,4.7845437202054555,-4.7845437202054555,4.7845437202054555,Sin retraso
0,14.864569323675125,-14.864569323675125,14.864569323675125,Sin retraso
35,11.184047409206858,23.81595259079314,23.81595259079314,Retraso alto
0,6.383756090613727,-6.383756090613727,6.383756090613727,Sin retraso
52,5.274201559397486,46.72579844060252,46.72579844060252,Retraso alto
0,12.080482466849233,-12.080482466849233,12.080482466849233,Sin retraso
0,20.713276012819918,-20.713276012819918,20.713276012819918,Sin retraso
0,11.984289815127298,-11.984289815127298,11.984289815127298,Sin retraso
0,5.422233543566904,-5.422233543566904,5.422233543566904,Sin retraso
0,18.06968980594055,-18.06968980594055,18.06968980594055,Sin retraso
0,10.521327147725128,-10.521327147725128,10.521327147725128,Sin retraso
0,31.63085242108182,-31.63085242108182,31.63085242108182,Sin retraso
0,12.734490372068768,-12.734490372068768,12.734490372068768,Sin retraso
0,5.306970645659423,-5.306970645659423,5.306970645659423,Sin retraso
0,2.1974831360165306,-2.1974831360165306,2.1974831360165306,Sin retraso
0,2.5151635011709312,-2.5151635011709312,2.5151635011709312,Sin retraso
0,13.620445133638281,-13.620445133638281,13.620445133638281,Sin retraso
0,2.6614807977183914,-2.6614807977183914,2.6614807977183914,Sin retraso
0,4.001786280055404,-4.001786280055404,4.001786280055404,Sin retraso
0,4.107511264694733,-4.107511264694733,4.107511264694733,Sin retraso
26,3.7934552844766545,22.206544715523346,22.206544715523346,Retraso medio
0,8.296048489978203,-8.296048489978203,8.296048489978203,Sin retraso
65,14.132241080033266,50.86775891996673,50.86775891996673,Retraso alto
50,24.168138632852692,25.831861367147308,25.831861367147308,Retraso alto
0,36.778102963929726,-36.778102963929726,36.778102963929726,Sin retraso
0,29.161854942800414,-29.161854942800414,29.161854942800414,Sin retraso
45,11.158801723548201,33.8411982764518,33.8411982764518,Retraso alto
0,30.166230964193236,-30.166230964193236,30.166230964193236,Sin retraso
0,34.01923003865942,-34.01923003865942,34.01923003865942,Sin retraso
0,14.95184220583672,-14.95184220583672,14.95184220583672,Sin retraso
0,3.28394899303073,-3.28394899303073,3.28394899303073,Sin retraso
0,13.854154577011458,-13.854154577011458,13.854154577011458,Sin retraso
0,23.4904919219553,-23.4904919219553,23.4904919219553,Sin retraso
0,13.809744716286794,-13.809744716286794,13.809744716286794,Sin retraso
30,17.424456206428648,12.575543793571352,12.575543793571352,Retraso medio
0,12.429756349994909,-12.429756349994909,12.429756349994909,Sin retraso
26,5.960397436621121,20.039602563378878,20.039602563378878,Retraso medio
0,33.024943419840476,-33.024943419840476,33.024943419840476,Sin retraso
49,22.21000261359607,26.78999738640393,26.78999738640393,Retraso alto
84,31.411415020726526,52.58858497927348,52.58858497927348,Retraso alto
0,13.478965394845032,-13.478965394845032,13.478965394845032,Sin retraso
0,6.819260392198768,-6.819260392198768,6.819260392198768,Sin retraso
0,12.128684254229816,-12.128684254229816,12.128684254229816,Sin retraso
0,3.5402660782554465,-3.5402660782554465,3.5402660782554465,Sin retraso
0,26.164624335711856,-26.164624335711856,26.164624335711856,Sin retraso
0,2.937469531872423,-2.937469531872423,2.937469531872423,Sin retraso
0,17.475457421872708,-17.475457421872708,17.475457421872708,Sin retraso
0,10.3882748814034,-10.3882748814034,10.3882748814034,Sin retraso
0,8.564993060994032,-8.564993060994032,8.564993060994032,Sin retraso
0,13.919505195407147,-13.919505195407147,13.919505195407147,Sin retraso
0,17.020288166181707,-17.020288166181707,17.020288166181707,Sin retraso
0,22.96868063439877,-22.96868063439877,22.96868063439877,Sin retraso
24,3.867831317958898,20.1321686820411,20.1321686820411,Retraso medio
51,11.781246553415135,39.21875344658486,39.21875344658486,Retraso alto
0,11.863659477217823,-11.863659477217823,11.863659477217823,Sin retraso
0,26.478202630186285,-26.478202630186285,26.478202630186285,Sin retraso
0,11.520475464684699,-11.520475464684699,11.520475464684699,Sin retraso
0,24.094899074201617,-24.094899074201617,24.094899074201617,Sin retraso
0,9.779462273967631,-9.779462273967631,9.779462273967631,Sin retraso
60,20.486256572988808,39.51374342701119,39.51374342701119,Retraso alto
0,9.985009174202654,-9.985009174202654,9.985009174202654,Sin retraso
47,7.854536208594619,39.14546379140538,39.14546379140538,Retraso alto
54,28.466568345187365,25.533431654812635,25.533431654812635,Retraso alto
0,10.714089975684407,-10.714089975684407,10.714089975684407,Sin retraso
0,20.647516555330252,-20.647516555330252,20.647516555330252,Sin retraso
0,10.40951738463607,-10.40951738463607,10.40951738463607,Sin retraso
0,13.460382093440876,-13.460382093440876,13.460382093440876,Sin retraso
26,10.21312677793678,15.78687322206322,15.78687322206322,Retraso medio
27,5.602058895350491,21.397941104649508,21.397941104649508,Retraso medio
0,6.826800922253614,-6.826800922253614,6.826800922253614,Sin retraso
0,10.289065476915288,-10.289065476915288,10.289065476915288,Sin retraso
0,25.534599293448938,-25.534599293448938,25.534599293448938,Sin retraso
0,5.831482910763904,-5.831482910763904,5.831482910763904,Sin retraso
0,2.695337491147216,-2.695337491147216,2.695337491147216,Sin retraso
0,24.460450266036787,-24.460450266036787,24.460450266036787,Sin retraso
22,7.721853485580648,14.278146514419351,14.278146514419351,Retraso medio
0,11.645160417880431,-11.645160417880431,11.645160417880431,Sin retraso
0,11.942924005495527,-11.942924005495527,11.942924005495527,Sin retraso
0,1.4409113626174275,-1.4409113626174275,1.4409113626174275,Sin retraso
0,17.5803793701742,-17.5803793701742,17.5803793701742,Sin retraso
24,10.925923212614471,13.074076787385529,13.074076787385529,Retraso medio
70,15.020057535321111,54.979942464678885,54.979942464678885,Retraso alto
22,9.20599103529538,12.79400896470462,12.79400896470462,Retraso medio
34,17.392277734391794,16.607722265608206,16.607722265608206,Retraso alto
0,12.555440115732841,-12.555440115732841,12.555440115732841,Sin retraso
0,24.935661176990003,-24.935661176990003,24.935661176990003,Sin retraso
0,2.3702091380045256,-2.3702091380045256,2.3702091380045256,Sin retraso
60,37.263408407382656,22.736591592617344,22.736591592617344,Retraso alto
0,7.472067944400574,-7.472067944400574,7.472067944400574,Sin retraso
0,8.36308445234436,-8.36308445234436,8.36308445234436,Sin retraso
0,8.920232908752729,-8.920232908752729,8.920232908752729,Sin retraso
51,26.980601615547126,24.019398384452874,24.019398384452874,Retraso alto
0,10.824449147003374,-10.824449147003374,10.824449147003374,Sin retraso
0,15.654803918146593,-15.654803918146593,15.654803918146593,Sin retraso
0,9.494972862391707,-9.494972862391707,9.494972862391707,Sin retraso
28,12.176345120847605,15.823654879152395,15.823654879152395,Retraso medio
48,27.337391131276526,20.662608868723474,20.662608868723474,Retraso alto
0,4.7610712713418,-4.7610712713418,4.7610712713418,Sin retraso
48,34.91752907219198,13.082470927808018,13.082470927808018,Retraso alto
0,21.554330376015056,-21.554330376015056,21.554330376015056,Sin retraso
37,24.03660351182374,12.963396488176262,12.963396488176262,Retraso alto
26,4.871783785426557,21.128216214573442,21.128216214573442,Retraso medio
0,19.257413127110254,-19.257413127110254,19.257413127110254,Sin retraso
0,12.328148483034918,-12.328148483034918,12.328148483034918,Sin retraso
0,5.359101548294383,-5.359101548294383,5.359101548294383,Sin retraso
0,23.037587361275612,-23.037587361275612,23.037587361275612,Sin retraso
38,13.92150574411087,24.07849425588913,24.07849425588913,Retraso alto
45,28.062848738377784,16.937151261622216,16.937151261622216,Retraso alto
0,20.56857528144165,-20.56857528144165,20.56857528144165,Sin retraso
0,17.931803745271814,-17.931803745271814,17.931803745271814,Sin retraso
40,24.728990165420473,15.271009834579527,15.271009834579527,Retraso alto
0,15.043976388159274,-15.043976388159274,15.043976388159274,Sin retraso
0,20.962961409724695,-20.962961409724695,20.962961409724695,Sin retraso
0,13.831819915479619,-13.831819915479619,13.831819915479619,Sin retraso
0,14.012641367260294,-14.012641367260294,14.012641367260294,Sin retraso
29,10.397816780864348,18.602183219135654,18.602183219135654,Retraso medio
0,17.70937360748255,-17.70937360748255,17.70937360748255,Sin retraso
0,5.79532014151725,-5.79532014151725,5.79532014151725,Sin retraso
0,11.500062009663793,-11.500062009663793,11.500062009663793,Sin retraso
0,9.762236861157316,-9.762236861157316,9.762236861157316,Sin retraso
0,3.8901621009565917,-3.8901621009565917,3.8901621009565917,Sin retraso
0,12.032198867140776,-12.032198867140776,12.032198867140776,Sin retraso
0,7.675787341124512,-7.675787341124512,7.675787341124512,Sin retraso
18,22.21662672193447,-4.216626721934471,4.216626721934471,Retraso medio
0,3.2447104293376507,-3.2447104293376507,3.2447104293376507,Sin retraso
0,19.371474414815058,-19.371474414815058,19.371474414815058,Sin retraso
0,8.768235176943028,-8.768235176943028,8.768235176943028,Sin retraso
0,16.91230618472284,-16.91230618472284,16.91230618472284,Sin retraso
12,3.0620410527452635,8.937958947254737,8.937958947254737,Retraso leve
0,2.2490294764723,-2.2490294764723,2.2490294764723,Sin retraso
0,15.436112198947114,-15.436112198947114,15.436112198947114,Sin retraso
0,4.5438343839309585,-4.5438343839309585,4.5438343839309585,Sin retraso
31,13.731586412351454,17.268413587648546,17.268413587648546,Retraso alto
42,10.93625501748622,31.063744982513782,31.063744982513782,Retraso alto
0,12.626429661112185,-12.626429661112185,12.626429661112185,Sin retraso
0,11.314964719144125,-11.314964719144125,11.314964719144125,Sin retraso
36,22.619480319130957,13.380519680869043,13.380519680869043,Retraso alto
30,11.843717534559818,18.15628246544018,18.15628246544018,Retraso medio
51,25.618872213610842,25.381127786389158,25.381127786389158,Retraso alto
0,5.980479440572378,-5.980479440572378,5.980479440572378,Sin retraso
28,8.362830986588275,19.637169013411725,19.637169013411725,Retraso medio
0,7.420396212332107,-7.420396212332107,7.420396212332107,Sin retraso
0,9.414007693216005,-9.414007693216005,9.414007693216005,Sin retraso
0,14.884027091445262,-14.884027091445262,14.884027091445262,Sin retraso
0,18.909612452754526,-18.909612452754526,18.909612452754526,Sin retraso
0,9.790236485818856,-9.790236485818856,9.790236485818856,Sin retraso
0,12.310356026013794,-12.310356026013794,12.310356026013794,Sin retraso
0,8.665478685886912,-8.665478685886912,8.665478685886912,Sin retraso
0,16.144121759677514,-16.144121759677514,16.144121759677514,Sin retraso
0,16.96821537611526,-16.96821537611526,16.96821537611526,Sin retraso
37,8.87488413011115,28.12511586988885,28.12511586988885,Retraso alto
39,14.036433470960432,24.963566529039568,24.963566529039568,Retraso alto
23,19.06177540492639,3.93822459507361,3.93822459507361,Retraso medio
0,5.976576378850747,-5.976576378850747,5.976576378850747,Sin retraso
0,13.535842899884,-13.535842899884,13.535842899884,Sin retraso
0,29.664286360369896,-29.664286360369896,29.664286360369896,Sin retraso
0,27.867050831523333,-27.867050831523333,27.867050831523333,Sin retraso
0,20.12285682120029,-20.12285682120029,20.12285682120029,Sin retraso
0,9.113551098191458,-9.113551098191458,9.113551098191458,Sin retraso
0,11.493520522297414,-11.493520522297414,11.493520522297414,Sin retraso
46,32.334828337201586,13.665171662798414,13.665171662798414,Retraso alto
45,18.3710653360184,26.6289346639816,26.6289346639816,Retraso alto
0,26.965793067845354,-26.965793067845354,26.965793067845354,Sin retraso
0,11.961582395159315,-11.961582395159315,11.961582395159315,Sin retraso
0,27.375273077696203,-27.375273077696203,27.375273077696203,Sin retraso
0,15.116941040867449,-15.116941040867449,15.116941040867449,Sin retraso
42,20.457485868036947,21.542514131963053,21.542514131963053,Retraso alto
0,13.22355415825857,-13.22355415825857,13.22355415825857,Sin retraso
0,9.658576933615723,-9.658576933615723,9.658576933615723,Sin retraso
52,13.41748901494868,38.58251098505132,38.58251098505132,Retraso alto
0,11.951888576585212,-11.951888576585212,11.951888576585212,Sin retraso
0,8.898682866757085,-8.898682866757085,8.898682866757085,Sin retraso
46,33.807827258113974,12.192172741886026,12.192172741886026,Retraso alto
0,4.787158807595519,-4.787158807595519,4.787158807595519,Sin retraso
0,5.681656781211497,-5.681656781211497,5.681656781211497,Sin retraso
0,9.499269342492461,-9.499269342492461,9.499269342492461,Sin retraso
0,15.567894365534242,-15.567894365534242,15.567894365534242,Sin retraso
51,26.965429652726776,24.034570347273224,24.034570347273224,Retraso alto
0,20.622371838314574,-20.622371838314574,20.622371838314574,Sin retraso
