,PC1,PC2,PC3,PC4
peso_carga,0.1607173340612804,0.6995345009567668,-0.13657057228356614,0.20433349490639094
cantidad_paquetes,0.043244904198753376,0.23683312054656172,0.8894582974713113,-0.0200356377206182
distancia_real_km,0.41840797826656423,-0.2562059220434324,0.010115029263711679,-0.05620456036907641
combustible_consumido_litros,0.4345071425137071,-0.21166028750711396,-0.06703956560591152,-0.13128063042515012
precio_combustible,0.058667578782103665,0.46961867584718164,-0.3953861057036557,-0.15072583258736044
costo_envio,0.4312859454366467,0.2434506588982106,0.1289302272871433,0.06602611944266258
costo_combustible,0.43541893766178524,-0.17968142485298408,-0.09257029459811646,-0.14129088845862742
costo_total,0.4674673233996409,0.08284303782289992,0.04497444900809793,-0.016915368704992707
minutos_retraso,0.10427522413428673,-0.15862438592558226,-0.04550452806654886,0.9434648216185372
